phone_id,network_id
1,1
1,2
1,3
2,1
2,2
2,3
3,1
3,2
3,3
4,1
4,2
4,3
5,1
5,2
5,3
6,1
6,2
6,3
7,1
7,2
7,3
8,1
8,2
8,3
9,1
9,2
9,3
10,1
10,2
10,3
11,1
11,2
11,3
12,1
12,2
12,3
13,1
13,2
13,3
14,1
14,2
14,3
15,1
15,2
15,3
16,1
16,2
16,3
17,1
17,2
17,3
18,1
18,2
18,3
19,1
19,2
19,3
20,1
20,2
20,3
21,1
21,2
21,3
22,1
22,2
22,3
23,1
23,2
23,3
24,1
24,2
24,3
25,1
25,2
25,3
26,1
26,2
26,3
27,1
27,2
27,3
28,1
28,2
28,3
29,1
29,2
29,3
30,1
30,2
30,3
31,1
31,2
31,3
32,1
32,2
32,3
33,1
33,2
33,3
34,1
34,2
34,3
35,1
35,2
35,3
36,1
36,2
36,3
37,1
37,2
37,3
38,1
38,2
38,3
39,1
39,2
39,3
40,1
40,2
40,3
41,1
41,2
41,3
42,1
42,2
42,3
43,1
43,2
43,3
44,1
44,2
44,3
45,1
45,2
45,3
46,1
46,2
46,3
47,1
47,2
47,3
48,1
48,2
48,3
49,1
49,2
49,3
50,1
50,2
50,3
51,1
51,2
51,3
52,1
52,2
52,3
53,1
53,2
53,3
54,1
54,2
54,3
55,1
55,2
55,3
56,1
56,2
56,3
57,1
57,2
57,3
58,1
58,2
58,3
59,1
59,2
59,3
60,1
60,2
60,3
61,1
61,2
61,3
62,1
62,2
62,3
63,1
63,2
63,3
64,1
64,2
64,3
65,1
65,2
65,3
66,1
66,2
66,3
67,1
67,2
67,3
68,1
68,2
68,3
69,1
69,2
69,3
70,1
70,2
70,3
71,1
71,2
71,3
72,1
72,2
72,3
73,1
73,2
73,3
74,1
74,2
74,3
75,1
75,2
75,3
76,1
76,2
76,3
77,1
77,2
77,3
78,1
78,2
78,3
79,1
79,2
79,3
80,1
80,2
80,3
81,1
81,2
81,3
82,1
82,2
82,3
83,1
83,2
83,3
84,1
84,2
84,3
85,1
85,2
85,3
86,1
86,2
86,3
87,1
87,2
87,3
88,1
88,2
88,3
89,1
89,2
89,3
90,1
90,2
90,3
91,1
91,2
91,3
92,1
92,2
92,3
93,1
93,2
93,3
94,1
94,2
94,3
95,1
95,2
95,3
96,1
96,2
96,3
97,1
97,2
97,3
98,1
98,2
98,3
99,1
99,2
99,3
100,1
100,2
100,3
101,1
101,2
101,3
102,1
102,2
102,3
103,1
103,2
103,3
104,1
104,2
104,3
105,1
105,2
105,3
106,1
106,2
106,3
107,1
107,2
107,3
108,1
108,2
108,3
109,1
109,2
109,3
110,1
110,2
110,3
111,1
111,2
111,3
112,1
112,2
112,3
113,1
113,2
113,3
114,1
114,2
114,3
115,1
115,2
115,3
116,1
116,2
116,3
117,1
117,2
117,3
118,1
118,2
118,3
119,1
119,2
119,3
120,1
120,2
120,3
121,1
121,2
121,3
122,1
122,2
122,3
123,1
123,2
123,3
124,1
124,2
124,3
125,1
125,2
125,3
126,1
126,2
126,3
127,1
127,2
127,3
128,1
128,2
128,3
129,1
129,2
129,3
130,1
130,2
130,3
131,1
131,2
131,3
132,1
132,2
132,3
133,1
133,2
133,3
134,1
134,2
134,3
135,2
135,3
136,1
136,2
136,3
137,1
137,2
137,3
138,1
138,2
138,3
139,1
139,2
139,3
140,1
140,3
141,1
141,2
141,3
142,1
142,2
142,3
143,1
143,2
143,3
144,1
144,2
144,3
145,1
145,2
145,3
146,1
146,2
146,3
147,1
147,2
147,3
148,1
148,2
148,3
149,1
149,2
149,3
150,2
150,3
151,1
151,2
151,3
152,1
152,2
152,3
153,1
153,2
153,3
154,1
154,2
154,3
155,1
155,2
155,3
156,1
156,2
156,3
157,2
157,3
158,2
158,3
159,2
159,3
160,2
160,3
161,1
161,2
161,3
162,1
162,2
162,3
163,1
163,2
163,3
164,2
164,3
165,2
165,3
166,1
166,2
166,3
167,1
167,2
167,3
168,1
168,2
168,3
169,1
169,2
169,3
170,2
170,3
171,1
171,2
171,3
172,1
172,2
172,3
173,2
173,3
174,1
174,2
174,3
175,1
175,2
175,3
176,2
176,3
177,1
177,2
177,3
178,1
178,3
179,2
179,3
180,2
180,3
181,2
181,3
182,1
182,2
182,3
183,2
183,3
184,2
184,3
185,1
185,2
185,3
186,2
186,3
187,2
187,3
188,2
188,3
189,2
189,3
190,2
190,3
191,2
191,3
192,2
192,3
193,1
193,3
194,2
194,3
195,1
195,2
195,3
196,2
196,3
197,1
197,2
197,3
198,2
198,3
199,2
199,3
200,2
200,3
201,2
201,3
202,2
202,3
203,2
203,3
204,1
204,2
204,3
205,1
205,2
205,3
206,2
206,3
207,2
207,3
208,2
208,3
209,2
209,3
210,2
210,3
211,1
211,2
211,3
212,2
212,3
213,2
213,3
214,2
214,3
215,2
215,3
216,2
216,3
217,2
217,3
218,2
218,3
219,2
219,3
220,2
220,3
221,2
221,3
222,2
222,3
223,1
223,2
223,3
224,1
224,2
224,3
225,1
225,2
225,3
226,1
226,2
226,3
227,1
227,2
227,3
228,1
228,2
228,3
229,1
229,2
229,3
230,1
230,2
230,3
231,1
231,2
231,3
232,1
232,2
232,3
233,1
233,2
233,3
234,1
234,2
234,3
235,1
235,2
235,3
236,1
236,2
236,3
237,1
237,2
237,3
238,1
238,2
238,3
239,1
239,2
239,3
240,1
240,2
240,3
241,1
241,2
241,3
242,1
242,2
242,3
243,1
243,2
243,3
244,1
244,2
244,3
245,1
245,2
245,3
246,1
246,2
246,3
247,1
247,2
247,3
248,1
248,2
248,3
249,1
249,2
249,3
250,1
250,2
250,3
251,1
251,2
251,3
252,1
252,2
252,3
253,1
253,2
253,3
254,1
254,2
254,3
255,1
255,2
255,3
256,1
256,2
256,3
257,1
257,2
257,3
258,1
258,2
258,3
259,1
259,2
259,3
260,1
260,2
260,3
261,1
261,2
261,3
262,1
262,2
262,3
263,1
263,2
263,3
264,1
264,2
264,3
265,1
265,2
265,3
266,1
266,2
266,3
267,1
267,2
267,3
268,1
268,2
268,3
269,1
269,2
269,3
270,1
270,2
270,3
271,1
271,2
271,3
272,1
272,2
272,3
273,1
273,2
273,3
274,1
274,2
274,3
275,1
275,2
275,3
276,1
276,2
276,3
277,1
277,2
277,3
278,1
278,2
278,3
279,1
279,2
279,3
280,1
280,2
280,3
281,1
281,2
281,3
282,1
282,2
282,3
283,1
283,2
283,3
284,1
284,2
284,3
285,1
285,2
285,3
286,1
286,2
286,3
287,1
287,2
287,3
288,1
288,2
288,3
289,1
289,2
289,3
290,1
290,2
290,3
291,1
291,2
291,3
292,1
292,2
292,3
293,1
293,2
293,3
294,1
294,2
294,3
295,1
295,2
295,3
296,1
296,2
296,3
297,1
297,2
297,3
298,1
298,2
298,3
299,1
299,2
299,3
300,1
300,2
300,3
301,1
301,2
301,3
302,1
302,2
302,3
303,1
303,2
303,3
304,1
304,2
304,3
305,1
305,2
305,3
306,1
306,2
306,3
307,1
307,2
307,3
308,1
308,2
308,3
309,1
309,2
309,3
310,1
310,2
310,3
311,1
311,2
311,3
312,1
312,2
312,3
313,1
313,2
313,3
314,1
314,2
314,3
315,1
315,2
315,3
316,1
316,2
316,3
317,1
317,2
317,3
318,1
318,2
318,3
319,1
319,2
319,3
320,1
320,2
320,3
321,1
321,2
321,3
322,1
322,2
322,3
323,1
323,2
323,3
324,1
324,2
324,3
325,1
325,2
325,3
326,1
326,2
326,3
327,1
327,2
327,3
328,1
328,2
328,3
329,1
329,2
329,3
330,1
330,2
330,3
331,1
331,2
331,3
332,1
332,2
332,3
333,1
333,2
333,3
334,1
334,2
334,3
335,1
335,2
335,3
336,1
336,2
336,3
337,1
337,2
337,3
338,1
338,2
338,3
339,1
339,2
339,3
340,1
340,2
340,3
341,1
341,2
341,3
342,1
342,2
342,3
343,1
343,2
343,3
344,1
344,2
344,3
345,1
345,2
345,3
346,1
346,2
346,3
347,1
347,2
347,3
348,1
348,2
348,3
349,1
349,2
349,3
350,1
350,2
350,3
351,1
351,2
351,3
352,1
352,2
352,3
353,2
353,3
354,1
354,2
354,3
355,1
355,2
355,3
356,1
356,2
356,3
357,1
357,2
357,3
358,1
358,2
358,3
359,1
359,2
359,3
360,2
360,3
361,1
361,2
361,3
362,1
362,2
362,3
363,1
363,2
363,3
364,1
364,2
364,3
365,1
365,2
365,3
366,1
366,2
366,3
367,1
367,2
367,3
368,2
368,3
369,1
369,2
369,3
370,1
370,2
370,3
371,1
371,2
371,3
372,1
372,2
372,3
373,1
373,2
373,3
374,1
374,2
374,3
375,1
375,2
375,3
376,1
376,2
376,3
377,1
377,2
377,3
378,1
378,2
378,3
379,1
379,2
379,3
380,1
380,2
380,3
381,1
381,2
381,3
382,2
382,3
383,1
383,2
383,3
384,1
384,2
384,3
385,1
385,2
385,3
386,1
386,2
386,3
387,1
387,2
387,3
388,1
388,2
388,3
389,1
389,2
389,3
390,1
390,2
390,3
391,1
391,2
391,3
392,1
392,2
392,3
393,1
393,2
393,3
394,1
394,2
394,3
395,2
395,3
396,1
396,2
396,3
397,1
397,2
397,3
398,1
398,2
398,3
399,1
399,2
399,3
400,2
400,3
401,1
401,2
401,3
402,1
402,2
402,3
403,1
403,2
403,3
404,2
404,3
405,1
405,2
405,3
406,1
406,2
406,3
407,1
407,2
407,3
408,1
408,2
408,3
409,2
409,3
410,1
410,2
410,3
411,2
411,3
412,1
412,2
412,3
413,1
413,2
413,3
414,1
414,2
414,3
415,1
415,2
415,3
416,2
416,3
417,1
417,2
417,3
418,1
418,2
418,3
419,1
419,2
419,3
420,1
420,2
420,3
421,1
421,2
421,3
422,2
422,3
423,2
423,3
424,2
424,3
425,2
425,3
426,2
426,3
427,2
427,3
428,2
428,3
429,2
429,3
430,2
430,3
431,3
432,2
432,3
433,2
433,3
434,2
434,3
435,2
435,3
436,2
436,3
437,1
437,2
437,3
438,2
438,3
439,2
439,3
440,2
440,3
441,2
441,3
442,2
442,3
443,2
443,3
444,2
444,3
445,2
445,3
446,2
446,3
447,2
447,3
448,1
448,2
448,3
449,1
449,2
449,3
450,1
450,2
450,3
451,1
451,2
451,3
452,1
452,2
452,3
453,1
453,2
453,3
454,1
454,2
454,3
455,1
455,2
455,3
456,1
456,2
456,3
457,1
457,2
457,3
458,1
458,2
458,3
459,1
459,2
459,3
460,1
460,2
460,3
461,1
461,2
461,3
462,1
462,2
462,3
463,1
463,2
463,3
464,1
464,2
464,3
465,1
465,2
465,3
466,1
466,2
466,3
467,1
467,2
467,3
468,1
468,2
468,3
469,1
469,2
469,3
470,1
470,2
470,3
471,1
471,2
471,3
472,1
472,2
472,3
473,1
473,2
473,3
474,1
474,2
474,3
475,1
475,2
475,3
476,1
476,2
476,3
477,1
477,2
477,3
478,1
478,2
478,3
479,1
479,2
479,3
480,1
480,2
480,3
481,1
481,2
481,3
482,1
482,2
482,3
483,1
483,2
483,3
484,1
484,2
484,3
485,1
485,2
485,3
486,1
486,2
486,3
487,1
487,2
487,3
488,1
488,2
488,3
489,1
489,2
489,3
490,1
490,2
490,3
491,1
491,2
491,3
492,1
492,2
492,3
493,1
493,2
493,3
494,1
494,2
494,3
495,1
495,2
495,3
496,1
496,2
496,3
497,1
497,2
497,3
498,1
498,2
498,3
499,1
499,2
499,3
500,1
500,2
500,3
501,1
501,2
501,3
502,1
502,2
502,3
503,1
503,2
503,3
504,1
504,2
504,3
505,1
505,2
505,3
506,1
506,2
506,3
507,1
507,2
507,3
508,1
508,2
508,3
509,1
509,2
509,3
510,1
510,2
510,3
511,1
511,2
511,3
512,1
512,2
512,3
513,1
513,2
513,3
514,1
514,2
514,3
515,1
515,2
515,3
516,1
516,2
516,3
517,1
517,2
517,3
518,1
518,2
518,3
519,1
519,2
519,3
520,1
520,2
520,3
521,1
521,2
521,3
522,1
522,2
522,3
523,1
523,2
523,3
524,1
524,2
524,3
525,1
525,2
525,3
526,1
526,2
526,3
527,1
527,2
527,3
528,1
528,2
528,3
529,1
529,2
529,3
530,1
530,2
530,3
531,1
531,2
531,3
532,1
532,2
532,3
533,1
533,2
533,3
534,1
534,2
534,3
535,1
535,2
535,3
536,1
536,2
536,3
537,1
537,2
537,3
538,1
538,2
538,3
539,1
539,2
539,3
540,1
540,2
540,3
541,1
541,2
541,3
542,1
542,2
542,3
543,1
543,2
543,3
544,1
544,2
544,3
545,1
545,2
545,3
546,1
546,2
546,3
547,1
547,2
547,3
548,1
548,2
548,3
549,1
549,2
549,3
550,1
550,2
550,3
551,1
551,2
551,3
552,1
552,2
552,3
553,2
553,3
554,1
554,2
554,3
555,1
555,2
555,3
556,1
556,2
556,3
557,1
557,2
557,3
558,1
558,2
558,3
559,1
559,2
559,3
560,1
560,2
560,3
561,1
561,2
561,3
562,2
562,3
563,1
563,2
563,3
564,1
564,2
564,3
565,1
565,2
565,3
566,1
566,2
566,3
567,1
567,2
567,3
568,1
568,2
568,3
569,1
569,2
569,3
570,1
570,2
570,3
571,1
571,2
571,3
572,1
572,2
572,3
573,1
573,2
573,3
574,1
574,2
574,3
575,1
575,2
575,3
576,1
576,2
576,3
577,1
577,2
577,3
578,2
578,3
579,2
579,3
580,2
580,3
581,2
581,3
582,2
582,3
583,1
583,2
583,3
584,1
584,2
584,3
585,1
585,2
585,3
586,1
586,2
586,3
587,2
587,3
588,2
588,3
589,1
589,2
589,3
590,1
590,2
590,3
591,2
591,3
592,1
592,2
592,3
593,2
593,3
594,1
594,2
594,3
595,1
595,2
595,3
596,1
596,3
597,1
597,2
597,3
598,2
598,3
599,2
599,3
600,1
600,2
600,3
601,2
601,3
602,1
602,3
603,1
603,2
603,3
604,1
604,2
604,3
605,1
605,2
605,3
606,2
606,3
607,2
607,3
608,2
608,3
609,2
609,3
610,2
610,3
611,2
611,3
612,2
612,3
613,1
613,2
613,3
614,1
614,2
614,3
615,1
615,2
615,3
616,1
616,2
616,3
617,1
617,2
617,3
618,2
618,3
619,2
619,3
620,2
620,3
621,1
621,2
621,3
622,2
622,3
623,2
623,3
624,2
624,3
625,1
625,2
625,3
626,1
626,2
626,3
627,1
627,2
627,3
628,1
628,2
628,3
629,1
629,2
629,3
630,2
630,3
631,2
631,3
632,2
632,3
633,2
633,3
634,2
634,3
635,2
635,3
636,2
636,3
637,1
637,2
637,3
638,1
638,2
638,3
639,2
639,3
640,1
640,2
640,3
641,1
641,2
641,3
642,1
642,2
642,3
643,1
643,2
643,3
644,2
644,3
645,1
645,2
645,3
646,2
646,3
647,1
647,2
647,3
648,2
648,3
649,1
649,2
649,3
650,1
650,2
650,3
651,1
651,2
651,3
652,2
652,3
653,2
653,3
654,2
654,3
655,2
655,3
656,1
656,2
656,3
657,1
657,2
657,3
658,1
658,2
658,3
659,1
659,2
659,3
660,1
660,2
660,3
661,1
661,2
661,3
662,2
662,3
663,1
663,2
663,3
664,1
664,2
664,3
665,2
665,3
666,2
666,3
667,1
667,2
667,3
668,1
668,2
668,3
669,2
669,3
670,2
670,3
671,2
671,3
672,1
672,2
672,3
673,2
673,3
674,2
674,3
675,2
675,3
676,2
676,3
677,2
677,3
678,2
678,3
679,2
679,3
680,2
680,3
681,2
681,3
682,2
682,3
683,2
683,3
684,2
684,3
685,2
685,3
686,1
686,2
686,3
687,1
687,2
687,3
688,1
688,2
688,3
689,1
689,2
689,3
690,1
690,2
690,3
691,1
691,2
691,3
692,1
692,2
692,3
693,1
693,2
693,3
694,1
694,2
694,3
695,1
695,2
695,3
696,1
696,2
696,3
697,1
697,2
697,3
698,1
698,2
698,3
699,1
699,2
699,3
700,1
700,2
700,3
701,1
701,2
701,3
702,1
702,2
702,3
703,1
703,2
703,3
704,1
704,2
704,3
705,1
705,2
705,3
706,1
706,2
706,3
707,1
707,2
707,3
708,1
708,2
708,3
709,2
709,3
710,1
710,2
710,3
711,1
711,2
711,3
712,1
712,2
712,3
713,1
713,2
713,3
714,1
714,2
714,3
715,1
715,2
715,3
716,1
716,2
716,3
717,1
717,2
717,3
718,1
718,2
718,3
719,1
719,2
719,3
720,1
720,2
720,3
721,2
721,3
722,2
722,3
723,2
723,3
724,1
724,2
724,3
725,1
725,2
725,3
726,1
726,2
726,3
727,1
727,2
727,3
728,1
728,2
728,3
729,2
729,3
730,1
730,2
730,3
731,1
731,2
731,3
732,1
732,2
732,3
733,1
733,2
733,3
734,1
734,2
734,3
735,1
735,2
735,3
736,1
736,2
736,3
737,1
737,2
737,3
738,1
738,2
738,3
739,1
739,2
739,3
740,2
740,3
741,1
741,2
741,3
742,1
742,2
742,3
743,1
743,2
743,3
744,1
744,2
744,3
745,1
745,2
745,3
746,1
746,2
746,3
747,1
747,2
747,3
748,1
748,2
748,3
749,1
749,2
749,3
750,1
750,2
750,3
751,1
751,2
751,3
752,1
752,2
752,3
753,1
753,2
753,3
754,1
754,2
754,3
755,1
755,2
755,3
756,1
756,2
756,3
757,1
757,2
757,3
758,1
758,2
758,3
759,1
759,2
759,3
760,1
760,2
760,3
761,1
761,2
761,3
762,1
762,2
762,3
763,1
763,2
763,3
764,1
764,2
764,3
765,1
765,2
765,3
766,1
766,2
766,3
767,1
767,2
767,3
768,1
768,2
768,3
769,1
769,2
769,3
770,2
770,3
771,1
771,2
771,3
772,1
772,2
772,3
773,2
773,3
774,2
774,3
775,2
775,3
776,1
776,2
776,3
777,1
777,2
777,3
778,2
778,3
779,2
779,3
780,2
780,3
781,2
781,3
782,2
782,3
783,1
783,2
783,3
784,1
784,2
784,3
785,1
785,2
785,3
786,1
786,2
786,3
787,1
787,2
787,3
788,2
788,3
789,2
789,3
790,2
790,3
791,1
791,2
791,3
792,2
792,3
793,1
793,2
793,3
794,1
794,2
794,3
795,2
795,3
796,2
796,3
797,2
797,3
798,2
798,3
799,2
799,3
800,2
800,3
801,1
801,2
801,3
802,1
802,2
802,3
803,1
803,2
803,3
804,1
804,2
804,3
805,1
805,2
805,3
806,1
806,2
806,3
807,1
807,2
807,3
808,1
808,2
808,3
809,1
809,2
809,3
810,1
810,2
810,3
811,1
811,2
811,3
812,1
812,2
812,3
813,1
813,2
813,3
814,1
814,2
814,3
815,1
815,2
815,3
816,1
816,2
816,3
817,1
817,2
817,3
818,1
818,2
818,3
819,1
819,2
819,3
820,1
820,2
820,3
821,1
821,2
821,3
822,1
822,2
822,3
823,1
823,2
823,3
824,1
824,2
824,3
825,1
825,2
825,3
826,1
826,2
826,3
827,1
827,2
827,3
828,1
828,2
828,3
829,1
829,2
829,3
830,1
830,2
830,3
831,1
831,2
831,3
832,1
832,2
832,3
833,1
833,2
833,3
834,1
834,2
834,3
835,1
835,2
835,3
836,1
836,2
836,3
837,1
837,2
837,3
838,1
838,2
838,3
839,1
839,2
839,3
840,1
840,2
840,3
841,1
841,2
841,3
842,1
842,2
842,3
843,1
843,2
843,3
844,1
844,2
844,3
845,1
845,2
845,3
846,1
846,2
846,3
847,1
847,2
847,3
848,1
848,2
848,3
849,1
849,2
849,3
850,1
850,2
850,3
851,1
851,2
851,3
852,1
852,2
852,3
853,1
853,2
853,3
854,1
854,2
854,3
855,1
855,2
855,3
856,1
856,2
856,3
857,1
857,2
857,3
858,1
858,2
858,3
859,1
859,2
859,3
860,1
860,2
860,3
861,1
861,2
861,3
862,1
862,2
862,3
863,1
863,2
863,3
864,1
864,2
864,3
865,1
865,2
865,3
866,1
866,2
866,3
867,1
867,2
867,3
868,1
868,2
868,3
869,1
869,2
869,3
870,1
870,2
870,3
871,1
871,2
871,3
872,1
872,2
872,3
873,1
873,2
873,3
874,1
874,2
874,3
875,1
875,2
875,3
876,1
876,2
876,3
877,1
877,2
877,3
878,1
878,2
878,3
879,1
879,2
879,3
880,1
880,2
880,3
881,1
881,2
881,3
882,1
882,2
882,3
883,1
883,2
883,3
884,1
884,2
884,3
885,1
885,2
885,3
886,1
886,2
886,3
887,1
887,2
887,3
888,1
888,2
888,3
889,1
889,2
889,3
890,1
890,2
890,3
891,1
891,2
891,3
892,1
892,2
892,3
893,1
893,2
893,3
894,1
894,2
894,3
895,1
895,2
895,3
896,1
896,2
896,3
897,1
897,2
897,3
898,1
898,2
898,3
899,1
899,2
899,3
900,1
900,2
900,3
901,1
901,2
901,3
902,1
902,2
902,3
903,1
903,2
903,3
904,1
904,2
904,3
905,1
905,2
905,3
906,1
906,2
906,3
907,1
907,2
907,3
908,1
908,2
908,3
909,1
909,2
909,3
910,1
910,2
910,3
911,1
911,2
911,3
912,1
912,2
912,3
913,1
913,2
913,3
914,1
914,2
914,3
915,1
915,2
915,3
916,1
916,2
916,3
917,1
917,2
917,3
918,1
918,2
918,3
919,1
919,2
919,3
920,1
920,2
920,3
921,1
921,2
921,3
922,1
922,2
922,3
923,1
923,2
923,3
924,1
924,2
924,3
925,1
925,2
925,3
926,1
926,2
926,3
927,1
927,2
927,3
928,1
928,2
928,3
929,1
929,2
929,3
930,1
930,2
930,3
931,1
931,2
931,3
932,1
932,2
932,3
933,1
933,2
933,3
934,1
934,2
934,3
935,1
935,2
935,3
936,1
936,2
936,3
937,1
937,2
937,3
938,1
938,2
938,3
939,1
939,2
939,3
940,1
940,2
940,3
941,1
941,2
941,3
942,1
942,2
942,3
943,1
943,2
943,3
944,1
944,2
944,3
945,1
945,2
945,3
946,1
946,2
946,3
947,1
947,2
947,3
948,1
948,2
948,3
949,1
949,2
949,3
950,1
950,2
950,3
951,1
951,2
951,3
952,1
952,2
952,3
953,1
953,2
953,3
954,1
954,2
954,3
955,1
955,2
955,3
956,1
956,2
956,3
957,1
957,2
957,3
958,1
958,2
958,3
959,1
959,2
959,3
960,1
960,2
960,3
961,1
961,2
961,3
962,1
962,2
962,3
963,1
963,2
963,3
964,1
964,2
964,3
965,1
965,2
965,3
966,1
966,2
966,3
967,1
967,2
967,3
968,1
968,2
968,3
969,1
969,2
969,3
970,1
970,2
970,3
971,1
971,2
971,3
972,1
972,2
972,3
973,1
973,2
973,3
974,1
974,2
974,3
975,1
975,2
975,3
976,1
976,2
976,3
977,1
977,2
977,3
978,1
978,2
978,3
979,1
979,2
979,3
980,1
980,2
980,3
981,1
981,2
981,3
982,1
982,2
982,3
983,1
983,2
983,3
984,1
984,2
984,3
985,1
985,2
985,3
986,1
986,2
986,3
987,1
987,2
987,3
988,1
988,2
988,3
989,1
989,2
989,3
990,1
990,2
990,3
991,1
991,2
991,3
992,1
992,2
992,3
993,1
993,2
993,3
994,1
994,2
994,3
995,1
995,2
995,3
996,1
996,2
996,3
997,1
997,2
997,3
998,1
998,2
998,3
999,1
999,2
999,3
1000,1
1000,2
1000,3
1001,1
1001,2
1001,3
1002,1
1002,2
1002,3
1003,1
1003,2
1003,3
1004,1
1004,2
1004,3
1005,1
1005,2
1005,3
1006,1
1006,2
1006,3
1007,1
1007,2
1007,3
1008,1
1008,2
1008,3
1009,1
1009,2
1009,3
1010,1
1010,2
1010,3
1011,1
1011,2
1011,3
1012,1
1012,2
1012,3
1013,1
1013,2
1013,3
1014,1
1014,2
1014,3
1015,1
1015,2
1015,3
1016,1
1016,2
1016,3
1017,1
1017,2
1017,3
1018,1
1018,2
1018,3
1019,1
1019,2
1019,3
1020,1
1020,2
1020,3
1021,1
1021,2
1021,3
1022,1
1022,2
1022,3
1023,1
1023,2
1023,3
1024,1
1024,2
1024,3
1025,1
1025,2
1025,3
1026,1
1026,2
1026,3
1027,1
1027,2
1027,3
1028,1
1028,2
1028,3
1029,1
1029,2
1029,3
1030,1
1030,2
1030,3
1031,1
1031,2
1031,3
1032,1
1032,2
1032,3
1033,1
1033,2
1033,3
1034,1
1034,2
1034,3
1035,1
1035,2
1035,3
1036,1
1036,2
1036,3
1037,1
1037,2
1037,3
1038,1
1038,2
1038,3
1039,1
1039,2
1039,3
1040,1
1040,2
1040,3
1041,1
1041,2
1041,3
1042,1
1042,2
1042,3
1043,1
1043,2
1043,3
1044,1
1044,2
1044,3
1045,1
1045,2
1045,3
1046,1
1046,2
1046,3
1047,1
1047,2
1047,3
1048,1
1048,2
1048,3
1049,1
1049,2
1049,3
1050,1
1050,2
1050,3
1051,1
1051,2
1051,3
1052,1
1052,2
1052,3
1053,1
1053,2
1053,3
1054,1
1054,2
1054,3
1055,1
1055,2
1055,3
1056,1
1056,2
1056,3
1057,1
1057,2
1057,3
1058,1
1058,2
1058,3
1059,1
1059,2
1059,3
1060,1
1060,2
1060,3
1061,1
1061,2
1061,3
1062,1
1062,2
1062,3
1063,1
1063,2
1063,3
1064,1
1064,2
1064,3
1065,1
1065,2
1065,3
1066,2
1066,3
1067,1
1067,2
1067,3
1068,1
1068,2
1068,3
1069,1
1069,2
1069,3
1070,1
1070,2
1070,3
1071,1
1071,2
1071,3
1072,1
1072,2
1072,3
1073,1
1073,2
1073,3
1074,1
1074,2
1074,3
1075,1
1075,2
1075,3
1076,1
1076,2
1076,3
1077,1
1077,2
1077,3
1078,2
1078,3
1079,1
1079,2
1079,3
1080,1
1080,2
1080,3
1081,1
1081,2
1081,3
1082,1
1082,2
1082,3
1083,1
1083,2
1083,3
1084,1
1084,2
1084,3
1085,1
1085,2
1085,3
1086,1
1086,2
1086,3
1087,1
1087,2
1087,3
1088,1
1088,2
1088,3
1089,1
1089,2
1089,3
1090,1
1090,2
1090,3
1091,1
1091,2
1091,3
1092,1
1092,2
1092,3
1093,2
1093,3
1094,1
1094,2
1094,3
1095,1
1095,2
1095,3
1096,1
1096,2
1096,3
1097,2
1097,3
1098,1
1098,2
1098,3
1099,2
1099,3
1100,1
1100,2
1100,3
1101,1
1101,2
1101,3
1102,1
1102,2
1102,3
1103,1
1103,2
1103,3
1104,1
1104,2
1104,3
1105,1
1105,2
1105,3
1106,1
1106,2
1106,3
1107,1
1107,2
1107,3
1108,1
1108,2
1108,3
1109,1
1109,2
1109,3
1110,1
1110,2
1110,3
1111,2
1111,3
1112,1
1112,2
1112,3
1113,1
1113,2
1113,3
1114,1
1114,2
1114,3
1115,1
1115,2
1115,3
1116,2
1116,3
1117,1
1117,2
1117,3
1118,1
1118,2
1118,3
1119,1
1119,2
1119,3
1120,1
1120,2
1120,3
1121,1
1121,2
1121,3
1122,1
1122,2
1122,3
1123,2
1123,3
1124,1
1124,2
1124,3
1125,1
1125,2
1125,3
1126,1
1126,2
1126,3
1127,1
1127,2
1127,3
1128,1
1128,2
1128,3
1129,1
1129,2
1129,3
1130,1
1130,2
1130,3
1131,1
1131,2
1131,3
1132,1
1132,2
1132,3
1133,1
1133,2
1133,3
1134,1
1134,2
1134,3
1135,2
1135,3
1136,1
1136,2
1136,3
1137,2
1137,3
1138,1
1138,2
1138,3
1139,1
1139,2
1139,3
1140,2
1140,3
1141,2
1141,3
1142,3
1143,2
1143,3
1144,1
1144,2
1144,3
1145,1
1145,2
1145,3
1146,1
1146,2
1146,3
1147,1
1147,2
1147,3
1148,1
1148,2
1148,3
1149,2
1149,3
1150,1
1150,2
1150,3
1151,1
1151,2
1151,3
1152,1
1152,2
1152,3
1153,2
1153,3
1154,2
1154,3
1155,1
1155,2
1155,3
1156,2
1156,3
1157,1
1157,2
1157,3
1158,2
1158,3
1159,1
1159,2
1159,3
1160,2
1160,3
1161,2
1161,3
1162,1
1162,2
1162,3
1163,2
1163,3
1164,1
1164,2
1164,3
1165,1
1165,2
1165,3
1166,1
1166,2
1166,3
1167,1
1167,2
1167,3
1168,2
1168,3
1169,2
1169,3
1170,1
1170,2
1170,3
1171,2
1171,3
1172,2
1172,3
1173,1
1173,2
1173,3
1174,2
1174,3
1175,1
1175,2
1175,3
1176,2
1176,3
1177,1
1177,2
1177,3
1178,1
1178,2
1178,3
1179,1
1179,2
1179,3
1180,2
1180,3
1181,2
1181,3
1182,1
1182,2
1182,3
1183,2
1183,3
1184,1
1184,2
1184,3
1185,2
1185,3
1186,2
1186,3
1187,2
1187,3
1188,1
1188,2
1188,3
1189,1
1189,2
1189,3
1190,1
1190,2
1190,3
1191,1
1191,2
1191,3
1192,1
1192,2
1192,3
1193,2
1193,3
1194,1
1194,2
1194,3
1195,1
1195,2
1195,3
1196,1
1196,2
1196,3
1197,1
1197,2
1197,3
1198,2
1198,3
1199,1
1199,2
1199,3
1200,1
1200,2
1200,3
1201,2
1201,3
1202,1
1202,2
1202,3
1203,2
1203,3
1204,1
1204,2
1204,3
1205,1
1205,2
1205,3
1206,2
1206,3
1207,1
1207,2
1207,3
1208,2
1208,3
1209,2
1209,3
1210,1
1210,2
1210,3
1211,2
1211,3
1212,2
1212,3
1213,1
1213,2
1213,3
1214,1
1214,2
1214,3
1215,1
1215,2
1215,3
1216,2
1216,3
1217,2
1217,3
1218,2
1218,3
1219,2
1219,3
1220,2
1220,3
1221,2
1221,3
1222,2
1222,3
1223,2
1223,3
1224,2
1224,3
1225,1
1225,2
1225,3
1226,2
1226,3
1227,1
1227,2
1227,3
1228,1
1228,2
1228,3
1229,1
1229,2
1229,3
1230,2
1230,3
1231,1
1231,2
1231,3
1232,2
1232,3
1233,3
1234,2
1234,3
1235,1
1235,2
1235,3
1236,2
1236,3
1237,1
1237,2
1237,3
1238,1
1238,2
1238,3
1239,2
1239,3
1240,1
1240,2
1240,3
1241,2
1241,3
1242,2
1242,3
1243,2
1243,3
1244,1
1244,2
1244,3
1245,2
1245,3
1246,1
1246,2
1246,3
1247,2
1247,3
1248,2
1248,3
1249,2
1249,3
1250,1
1250,2
1250,3
1251,1
1251,2
1251,3
1252,1
1252,2
1252,3
1253,2
1253,3
1254,2
1254,3
1255,2
1255,3
1256,2
1256,3
1257,2
1257,3
1258,2
1258,3
1259,2
1259,3
1260,1
1260,2
1260,3
1261,2
1261,3
1262,2
1262,3
1263,2
1263,3
1264,2
1264,3
1265,2
1265,3
1266,2
1266,3
1267,1
1267,2
1267,3
1268,2
1268,3
1269,2
1269,3
1270,2
1270,3
1271,2
1271,3
1272,2
1272,3
1273,1
1273,2
1273,3
1274,1
1274,2
1274,3
1275,2
1275,3
1276,1
1276,2
1276,3
1277,1
1277,2
1277,3
1278,2
1278,3
1279,1
1279,2
1279,3
1280,2
1280,3
1281,1
1281,2
1281,3
1282,2
1282,3
1283,1
1283,2
1283,3
1284,1
1284,2
1284,3
1285,2
1285,3
1286,1
1286,2
1286,3
1287,1
1287,2
1287,3
1288,2
1288,3
1289,2
1289,3
1290,1
1290,2
1290,3
1291,2
1291,3
1292,2
1292,3
1293,2
1293,3
1294,1
1294,2
1294,3
1295,3
1296,2
1296,3
1297,2
1297,3
1298,2
1298,3
1299,1
1299,2
1299,3
1300,2
1300,3
1301,1
1301,2
1301,3
1302,2
1302,3
1303,2
1303,3
1304,1
1304,2
1304,3
1305,1
1305,2
1305,3
1306,3
1307,2
1307,3
1308,1
1308,2
1308,3
1309,2
1309,3
1310,2
1310,3
1311,2
1311,3
1312,2
1312,3
1313,1
1313,2
1313,3
1314,1
1314,2
1314,3
1315,2
1315,3
1316,1
1316,2
1316,3
1317,2
1317,3
1318,2
1318,3
1319,2
1319,3
1320,1
1320,2
1320,3
1321,1
1321,2
1321,3
1322,1
1322,2
1322,3
1323,1
1323,2
1323,3
1324,3
1325,1
1325,2
1325,3
1326,2
1326,3
1327,1
1327,2
1327,3
1328,1
1328,2
1328,3
1329,1
1329,2
1329,3
1330,1
1330,2
1330,3
1331,1
1331,2
1331,3
1332,1
1332,2
1332,3
1333,1
1333,2
1333,3
1334,1
1334,2
1334,3
1335,1
1335,2
1335,3
1336,1
1336,2
1336,3
1337,1
1337,2
1337,3
1338,1
1338,2
1338,3
1339,1
1339,2
1339,3
1340,1
1340,2
1340,3
1341,1
1341,2
1341,3
1342,1
1342,2
1342,3
1343,1
1343,2
1343,3
1344,1
1344,2
1344,3
1345,1
1345,2
1345,3
1346,1
1346,2
1346,3
1347,1
1347,2
1347,3
1348,1
1348,2
1348,3
1349,1
1349,2
1349,3
1350,1
1350,2
1350,3
1351,1
1351,2
1351,3
1352,1
1352,2
1352,3
1353,1
1353,2
1353,3
1354,1
1354,2
1354,3
1355,1
1355,2
1355,3
1356,1
1356,2
1356,3
1357,1
1357,2
1357,3
1358,1
1358,2
1358,3
1359,1
1359,2
1359,3
1360,1
1360,2
1360,3
1361,1
1361,2
1361,3
1362,1
1362,2
1362,3
1363,1
1363,2
1363,3
1364,1
1364,2
1364,3
1365,1
1365,2
1365,3
1366,2
1366,3
1367,1
1367,2
1367,3
1368,1
1368,2
1368,3
1369,1
1369,2
1369,3
1370,1
1370,2
1370,3
1371,1
1371,2
1371,3
1372,1
1372,2
1372,3
1373,1
1373,2
1373,3
1374,2
1374,3
1375,2
1375,3
1376,1
1376,2
1376,3
1377,2
1377,3
1378,1
1378,2
1378,3
1379,1
1379,2
1379,3
1380,1
1380,2
1380,3
1381,1
1381,2
1381,3
1382,1
1382,2
1382,3
1383,1
1383,2
1383,3
1384,1
1384,2
1384,3
1385,2
1385,3
1386,1
1386,2
1386,3
1387,2
1387,3
1388,2
1388,3
1389,1
1389,2
1389,3
1390,1
1390,2
1390,3
1391,1
1391,2
1391,3
1392,1
1392,2
1392,3
1393,2
1393,3
1394,2
1394,3
1395,2
1395,3
1396,2
1396,3
1397,1
1397,2
1397,3
1398,1
1398,2
1398,3
1399,2
1399,3
1400,2
1400,3
1401,1
1401,2
1401,3
1402,1
1402,2
1402,3
1403,1
1403,2
1403,3
1404,2
1404,3
1405,2
1405,3
1406,2
1406,3
1407,1
1407,2
1407,3
1408,1
1408,2
1408,3
1409,2
1409,3
1410,2
1410,3
1411,1
1411,2
1411,3
1412,1
1412,2
1412,3
1413,2
1413,3
1414,2
1414,3
1415,2
1415,3
1416,2
1416,3
1417,2
1417,3
1418,2
1418,3
1419,1
1419,2
1419,3
1420,1
1420,2
1420,3
1421,1
1421,2
1421,3
1422,1
1422,2
1422,3
1423,1
1423,2
1423,3
1424,1
1424,2
1424,3
1425,1
1425,2
1425,3
1426,1
1426,2
1426,3
1427,1
1427,2
1427,3
1428,1
1428,2
1428,3
1429,1
1429,2
1429,3
1430,1
1430,2
1430,3
1431,1
1431,2
1431,3
1432,1
1432,2
1432,3
1433,1
1433,2
1433,3
1434,1
1434,2
1434,3
1435,1
1435,2
1435,3
1436,1
1436,2
1436,3
1437,1
1437,2
1437,3
1438,1
1438,2
1438,3
1439,1
1439,2
1439,3
1440,1
1440,2
1440,3
1441,1
1441,2
1441,3
1442,1
1442,2
1442,3
1443,1
1443,2
1443,3
1444,1
1444,2
1444,3
1445,1
1445,2
1445,3
1446,1
1446,2
1446,3
1447,1
1447,2
1447,3
1448,1
1448,2
1448,3
1449,1
1449,2
1449,3
1450,1
1450,2
1450,3
1451,1
1451,2
1451,3
1452,1
1452,2
1452,3
1453,1
1453,2
1453,3
1454,1
1454,2
1454,3
1455,1
1455,2
1455,3
1456,1
1456,2
1456,3
1457,1
1457,2
1457,3
1458,1
1458,2
1458,3
1459,1
1459,2
1459,3
1460,1
1460,2
1460,3
1461,1
1461,2
1461,3
1462,1
1462,2
1462,3
1463,1
1463,2
1463,3
1464,1
1464,2
1464,3
1465,1
1465,2
1465,3
1466,1
1466,2
1466,3
1467,1
1467,2
1467,3
1468,1
1468,2
1468,3
1469,1
1469,2
1469,3
1470,1
1470,2
1470,3
1471,1
1471,2
1471,3
1472,1
1472,2
1472,3
1473,1
1473,2
1473,3
1474,1
1474,2
1474,3
1475,1
1475,2
1475,3
1476,1
1476,2
1476,3
1477,1
1477,2
1477,3
1478,1
1478,2
1478,3
1479,1
1479,2
1479,3
1480,1
1480,2
1480,3
1481,1
1481,2
1481,3
1482,1
1482,2
1482,3
1483,1
1483,2
1483,3
1484,1
1484,2
1484,3
1485,1
1485,2
1485,3
1486,2
1486,3
1487,2
1487,3
1488,2
1488,3
1489,2
1489,3
1490,2
1490,3
1491,2
1491,3
1492,1
1492,2
1492,3
1493,1
1493,2
1493,3
1494,1
1494,2
1494,3
1495,1
1495,2
1495,3
1496,1
1496,2
1496,3
1497,1
1497,2
1497,3
1498,1
1498,2
1498,3
1499,1
1499,2
1499,3
1500,1
1500,2
1500,3
1501,1
1501,2
1501,3
1502,1
1502,2
1502,3
1503,1
1503,2
1503,3
1504,1
1504,2
1504,3
1505,1
1505,2
1505,3
1506,1
1506,2
1506,3
1507,1
1507,2
1507,3
1508,1
1508,2
1508,3
1509,1
1509,2
1509,3
1510,1
1510,2
1510,3
1511,1
1511,2
1511,3
1512,1
1512,2
1512,3
1513,1
1513,2
1513,3
1514,1
1514,2
1514,3
1515,1
1515,2
1515,3
1516,1
1516,2
1516,3
1517,1
1517,2
1517,3
1518,1
1518,2
1518,3
1519,1
1519,2
1519,3
1520,1
1520,2
1520,3
1521,1
1521,2
1521,3
1522,1
1522,2
1522,3
1523,1
1523,2
1523,3
1524,1
1524,2
1524,3
1525,1
1525,2
1525,3
1526,1
1526,2
1526,3
1527,1
1527,2
1527,3
1528,1
1528,2
1528,3
1529,1
1529,2
1529,3
1530,1
1530,2
1530,3
1531,1
1531,2
1531,3
1532,1
1532,2
1532,3
1533,1
1533,2
1533,3
1534,1
1534,2
1534,3
1535,1
1535,2
1535,3
1536,1
1536,2
1536,3
1537,1
1537,2
1537,3
1538,1
1538,2
1538,3
1539,1
1539,2
1539,3
1540,1
1540,2
1540,3
1541,1
1541,2
1541,3
1542,1
1542,2
1542,3
1543,2
1543,3
1544,1
1544,2
1544,3
1545,1
1545,2
1545,3
1546,1
1546,2
1546,3
1547,1
1547,3
1548,1
1548,2
1548,3
1549,1
1549,2
1549,3
1550,1
1550,2
1550,3
1551,1
1551,2
1551,3
1552,1
1552,2
1552,3
1553,1
1553,2
1553,3
1554,1
1554,2
1554,3
1555,1
1555,2
1555,3
1556,2
1556,3
1557,1
1557,2
1557,3
1558,1
1558,2
1558,3
1559,2
1559,3
1560,2
1560,3
1561,1
1561,2
1561,3
1562,1
1562,2
1562,3
1563,2
1563,3
1564,1
1564,2
1564,3
1565,1
1565,2
1565,3
1566,1
1566,2
1566,3
1567,1
1567,2
1567,3
1568,1
1568,2
1568,3
1569,2
1569,3
1570,1
1570,2
1570,3
1571,2
1571,3
1572,1
1572,2
1572,3
1573,1
1573,2
1573,3
1574,1
1574,2
1574,3
1575,2
1575,3
1576,1
1576,2
1576,3
1577,1
1577,2
1577,3
1578,1
1578,2
1578,3
1579,1
1579,2
1579,3
1580,1
1580,2
1580,3
1581,2
1581,3
1582,2
1582,3
1583,1
1583,2
1583,3
1584,1
1584,2
1584,3
1585,2
1585,3
1586,1
1586,2
1586,3
1587,1
1587,2
1587,3
1588,1
1588,2
1588,3
1589,2
1589,3
1590,1
1590,2
1590,3
1591,2
1591,3
1592,2
1592,3
1593,2
1593,3
1594,1
1594,2
1594,3
1595,2
1595,3
1596,1
1596,2
1596,3
1597,1
1597,2
1597,3
1598,1
1598,2
1598,3
1599,2
1599,3
1600,2
1600,3
1601,2
1601,3
1602,2
1602,3
1603,2
1603,3
1604,1
1604,2
1604,3
1605,2
1605,3
1606,2
1606,3
1607,1
1607,2
1607,3
1608,1
1608,2
1608,3
1609,1
1609,2
1609,3
1610,2
1610,3
1611,1
1611,2
1611,3
1612,2
1612,3
1613,1
1613,2
1613,3
1614,1
1614,2
1614,3
1615,2
1615,3
1616,2
1616,3
1617,1
1617,2
1617,3
1618,1
1618,2
1618,3
1619,1
1619,2
1619,3
1620,1
1620,2
1620,3
1621,1
1621,2
1621,3
1622,1
1622,2
1622,3
1623,1
1623,2
1623,3
1624,1
1624,2
1624,3
1625,1
1625,2
1625,3
1626,1
1626,2
1626,3
1627,1
1627,2
1627,3
1628,1
1628,2
1628,3
1629,1
1629,2
1629,3
1630,1
1630,2
1630,3
1631,2
1631,3
1632,2
1632,3
1633,1
1633,2
1633,3
1634,1
1634,2
1634,3
1635,1
1635,2
1635,3
1636,2
1636,3
1637,2
1637,3
1638,1
1638,2
1638,3
1639,1
1639,2
1639,3
1640,1
1640,2
1640,3
1641,1
1641,2
1641,3
1642,1
1642,2
1642,3
1643,1
1643,2
1643,3
1644,1
1644,2
1644,3
1645,2
1645,3
1646,1
1646,2
1646,3
1647,1
1647,2
1647,3
1648,2
1648,3
1649,1
1649,2
1649,3
1650,2
1650,3
1651,1
1651,2
1651,3
1652,1
1652,2
1652,3
1653,1
1653,2
1653,3
1654,1
1654,2
1654,3
1655,2
1655,3
1656,1
1656,2
1656,3
1657,1
1657,2
1657,3
1658,2
1658,3
1659,1
1659,2
1659,3
1660,1
1660,2
1660,3
1661,1
1661,2
1661,3
1662,2
1662,3
1663,1
1663,2
1663,3
1664,1
1664,2
1664,3
1665,2
1665,3
1666,2
1666,3
1667,2
1667,3
1668,2
1668,3
1669,1
1669,2
1669,3
1670,1
1670,2
1670,3
1671,1
1671,2
1671,3
1672,2
1672,3
1673,2
1673,3
1674,2
1674,3
1675,2
1675,3
1676,1
1676,2
1676,3
1677,1
1677,2
1677,3
1678,1
1678,2
1678,3
1679,1
1679,2
1679,3
1680,1
1680,2
1680,3
1681,1
1681,2
1681,3
1682,1
1682,2
1682,3
1683,1
1683,2
1683,3
1684,1
1684,2
1684,3
1685,2
1685,3
1686,2
1686,3
1687,1
1687,2
1687,3
1688,1
1688,2
1688,3
1689,2
1689,3
1690,2
1690,3
1691,2
1691,3
1692,2
1692,3
1693,1
1693,2
1693,3
1694,1
1694,2
1694,3
1695,2
1695,3
1696,1
1696,2
1696,3
1697,1
1697,2
1697,3
1698,2
1698,3
1699,1
1699,2
1699,3
1700,1
1700,2
1700,3
1701,1
1701,2
1701,3
1702,1
1702,2
1702,3
1703,2
1703,3
1704,1
1704,2
1704,3
1705,1
1705,2
1705,3
1706,2
1706,3
1707,1
1707,2
1707,3
1708,1
1708,2
1708,3
1709,2
1709,3
1710,2
1710,3
1711,2
1711,3
1712,2
1712,3
1713,2
1713,3
1714,1
1714,2
1714,3
1715,1
1715,2
1715,3
1716,2
1716,3
1717,2
1717,3
1718,2
1718,3
1719,2
1719,3
1720,2
1720,3
1721,2
1721,3
1722,2
1722,3
1723,2
1723,3
1724,2
1724,3
1725,2
1725,3
1726,3
1727,2
1727,3
1728,2
1728,3
1729,2
1729,3
1730,2
1730,3
1731,2
1731,3
1732,2
1732,3
1733,2
1733,3
1734,2
1734,3
1735,2
1735,3
1736,2
1736,3
1737,2
1737,3
1738,2
1738,3
1739,2
1739,3
1740,2
1740,3
1741,2
1741,3
1742,3
1743,2
1743,3
1744,2
1744,3
1745,2
1745,3
1746,2
1746,3
1747,2
1747,3
1748,2
1748,3
1749,2
1749,3
1750,2
1750,3
1751,2
1751,3
1752,2
1752,3
1753,2
1753,3
1754,2
1754,3
1755,2
1755,3
1756,2
1756,3
1757,2
1757,3
1758,2
1758,3
1759,2
1759,3
1760,2
1760,3
1761,2
1761,3
1762,2
1762,3
1763,1
1763,2
1763,3
1764,1
1764,2
1764,3
1765,1
1765,2
1765,3
1766,1
1766,2
1766,3
1767,1
1767,2
1767,3
1768,1
1768,2
1768,3
1769,1
1769,2
1769,3
1770,1
1770,2
1770,3
1771,1
1771,2
1771,3
1772,1
1772,2
1772,3
1773,1
1773,2
1773,3
1774,1
1774,2
1774,3
1775,1
1775,2
1775,3
1776,1
1776,2
1776,3
1777,1
1777,2
1777,3
1778,1
1778,2
1778,3
1779,1
1779,2
1779,3
1780,1
1780,2
1780,3
1781,1
1781,2
1781,3
1782,1
1782,2
1782,3
1783,1
1783,2
1783,3
1784,1
1784,2
1784,3
1785,1
1785,2
1785,3
1786,1
1786,2
1786,3
1787,1
1787,2
1787,3
1788,1
1788,2
1788,3
1789,1
1789,2
1789,3
1790,1
1790,2
1790,3
1791,1
1791,2
1791,3
1792,1
1792,2
1792,3
1793,1
1793,2
1793,3
1794,1
1794,2
1794,3
1795,1
1795,2
1795,3
1796,1
1796,2
1796,3
1797,1
1797,2
1797,3
1798,1
1798,2
1798,3
1799,1
1799,2
1799,3
1800,1
1800,2
1800,3
1801,1
1801,2
1801,3
1802,1
1802,2
1802,3
1803,1
1803,2
1803,3
1804,1
1804,2
1804,3
1805,1
1805,2
1805,3
1806,1
1806,2
1806,3
1807,1
1807,2
1807,3
1808,1
1808,2
1808,3
1809,1
1809,2
1809,3
1810,1
1810,2
1810,3
1811,1
1811,2
1811,3
1812,1
1812,2
1812,3
1813,1
1813,2
1813,3
1814,1
1814,2
1814,3
1815,1
1815,2
1815,3
1816,1
1816,2
1816,3
1817,1
1817,2
1817,3
1818,1
1818,2
1818,3
1819,1
1819,2
1819,3
1820,1
1820,2
1820,3
1821,1
1821,2
1821,3
1822,1
1822,2
1822,3
1823,1
1823,2
1823,3
1824,1
1824,2
1824,3
1825,1
1825,2
1825,3
1826,1
1826,2
1826,3
1827,2
1827,3
1828,2
1828,3
1829,1
1829,2
1829,3
1830,1
1830,2
1830,3
1831,1
1831,2
1831,3
1832,1
1832,2
1832,3
1833,1
1833,2
1833,3
1834,1
1834,2
1834,3
1835,2
1835,3
1836,1
1836,2
1836,3
1837,2
1837,3
1838,1
1838,2
1838,3
1839,2
1839,3
1840,2
1840,3
1841,1
1841,2
1841,3
1842,1
1842,2
1842,3
1843,2
1843,3
1844,1
1844,2
1844,3
1845,1
1845,2
1845,3
1846,1
1846,2
1846,3
1847,1
1847,2
1847,3
1848,1
1848,2
1848,3
1849,1
1849,2
1849,3
1850,1
1850,2
1850,3
1851,1
1851,2
1851,3
1852,1
1852,2
1852,3
1853,3
1854,1
1854,2
1854,3
1855,1
1855,2
1855,3
1856,1
1856,2
1856,3
1857,2
1857,3
1858,1
1858,2
1858,3
1859,1
1859,2
1859,3
1860,2
1860,3
1861,2
1861,3
1862,1
1862,2
1862,3
1863,1
1863,2
1863,3
1864,2
1864,3
1865,2
1865,3
1866,2
1866,3
1867,1
1867,2
1867,3
1868,1
1868,2
1868,3
1869,2
1869,3
1870,2
1870,3
1871,2
1871,3
1872,2
1872,3
1873,2
1873,3
1874,1
1874,2
1874,3
1875,2
1875,3
1876,1
1876,2
1876,3
1877,2
1877,3
1878,1
1878,2
1878,3
1879,1
1879,2
1879,3
1880,1
1880,2
1880,3
1881,2
1881,3
1882,2
1882,3
1883,1
1883,2
1883,3
1884,2
1884,3
1885,1
1885,2
1885,3
1886,2
1886,3
1887,2
1887,3
1888,1
1888,2
1888,3
1889,1
1889,2
1889,3
1890,1
1890,2
1890,3
1891,1
1891,2
1891,3
1892,2
1892,3
1893,1
1893,2
1893,3
1894,1
1894,2
1894,3
1895,1
1895,2
1895,3
1896,1
1896,2
1896,3
1897,2
1897,3
1898,2
1898,3
1899,2
1899,3
1900,2
1900,3
1901,2
1901,3
1902,2
1902,3
1903,2
1903,3
1904,2
1904,3
1905,2
1905,3
1906,1
1906,2
1906,3
1907,1
1907,2
1907,3
1908,2
1908,3
1909,2
1909,3
1910,1
1910,2
1910,3
1911,1
1911,2
1911,3
1912,2
1912,3
1913,2
1913,3
1914,2
1914,3
1915,1
1915,2
1915,3
1916,1
1916,2
1916,3
1917,1
1917,2
1917,3
1918,1
1918,2
1918,3
1919,2
1919,3
1920,1
1920,2
1920,3
1921,2
1921,3
1922,2
1922,3
1923,2
1923,3
1924,1
1924,2
1924,3
1925,2
1925,3
1926,2
1926,3
1927,2
1927,3
1928,2
1928,3
1929,2
1929,3
1930,2
1930,3
1931,2
1931,3
1932,2
1932,3
1933,2
1933,3
1934,2
1934,3
1935,2
1935,3
1936,1
1936,2
1936,3
1937,1
1937,2
1937,3
1938,1
1938,2
1938,3
1939,1
1939,2
1939,3
1940,1
1940,2
1940,3
1941,1
1941,2
1941,3
1942,1
1942,2
1942,3
1943,1
1943,2
1943,3
1944,1
1944,2
1944,3
1945,1
1945,2
1945,3
1946,1
1946,2
1946,3
1947,1
1947,2
1947,3
1948,1
1948,2
1948,3
1949,1
1949,2
1949,3
1950,1
1950,2
1950,3
1951,1
1951,2
1951,3
1952,1
1952,2
1952,3
1953,1
1953,2
1953,3
1954,1
1954,2
1954,3
1955,1
1955,2
1955,3
1956,1
1956,2
1956,3
1957,1
1957,2
1957,3
1958,1
1958,2
1958,3
1959,1
1959,2
1959,3
1960,1
1960,2
1960,3
1961,1
1961,2
1961,3
1962,1
1962,2
1962,3
1963,1
1963,2
1963,3
1964,1
1964,2
1964,3
1965,1
1965,2
1965,3
1966,1
1966,2
1966,3
1967,1
1967,2
1967,3
1968,1
1968,2
1968,3
1969,1
1969,2
1969,3
1970,1
1970,2
1970,3
1971,1
1971,2
1971,3
1972,1
1972,2
1972,3
1973,1
1973,2
1973,3
1974,1
1974,2
1974,3
1975,1
1975,2
1975,3
1976,1
1976,2
1976,3
1977,1
1977,2
1977,3
1978,1
1978,2
1978,3
1979,1
1979,2
1979,3
1980,1
1980,2
1980,3
1981,1
1981,2
1981,3
1982,1
1982,2
1982,3
1983,1
1983,2
1983,3
1984,1
1984,2
1984,3
1985,1
1985,2
1985,3
1986,1
1986,2
1986,3
1987,1
1987,2
1987,3
1988,1
1988,2
1988,3
1989,1
1989,2
1989,3
1990,1
1990,2
1990,3
1991,1
1991,2
1991,3
1992,1
1992,2
1992,3
1993,1
1993,2
1993,3
1994,1
1994,2
1994,3
1995,1
1995,2
1995,3
1996,1
1996,2
1996,3
1997,1
1997,2
1997,3
1998,1
1998,2
1998,3
1999,1
1999,2
1999,3
2000,1
2000,2
2000,3
2001,1
2001,2
2001,3
2002,1
2002,2
2002,3
2003,1
2003,2
2003,3
2004,1
2004,2
2004,3
2005,2
2005,3
2006,2
2006,3
2007,2
2007,3
2008,2
2008,3
2009,2
2009,3
2010,1
2010,2
2010,3
2011,2
2011,3
2012,2
2012,3
2013,2
2013,3
2014,2
2014,3
2015,2
2015,3
2016,2
2016,3
2017,2
2017,3
2018,2
2018,3
2019,2
2019,3
2020,2
2020,3
2021,2
2021,3
2022,2
2022,3
2023,1
2023,2
2023,3
2024,2
2024,3
2025,2
2025,3
2026,2
2026,3
2027,2
2027,3
2028,2
2028,3
2029,2
2029,3
2030,1
2030,2
2030,3
2031,1
2031,2
2031,3
2032,1
2032,2
2032,3
2033,1
2033,2
2033,3
2034,1
2034,2
2034,3
2035,1
2035,2
2035,3
2036,1
2036,2
2036,3
2037,1
2037,2
2037,3
2038,1
2038,2
2038,3
2039,1
2039,2
2039,3
2040,1
2040,2
2040,3
2041,1
2041,2
2041,3
2042,1
2042,2
2042,3
2043,1
2043,2
2043,3
2044,1
2044,2
2044,3
2045,1
2045,2
2045,3
2046,1
2046,2
2046,3
2047,1
2047,2
2047,3
2048,1
2048,2
2048,3
2049,1
2049,2
2049,3
2050,1
2050,2
2050,3
2051,1
2051,2
2051,3
2052,1
2052,2
2052,3
2053,1
2053,2
2053,3
2054,1
2054,2
2054,3
2055,1
2055,2
2055,3
2056,1
2056,2
2056,3
2057,1
2057,2
2057,3
2058,1
2058,2
2058,3
2059,1
2059,2
2059,3
2060,1
2060,2
2060,3
2061,1
2061,2
2061,3
2062,1
2062,2
2062,3
2063,1
2063,2
2063,3
2064,1
2064,2
2064,3
2065,1
2065,2
2065,3
2066,1
2066,2
2066,3
2067,1
2067,2
2067,3
2068,1
2068,2
2068,3
2069,1
2069,2
2069,3
2070,1
2070,2
2070,3
2071,1
2071,2
2071,3
2072,1
2072,2
2072,3
2073,1
2073,2
2073,3
2074,1
2074,2
2074,3
2075,1
2075,2
2075,3
2076,1
2076,2
2076,3
2077,1
2077,2
2077,3
2078,1
2078,2
2078,3
2079,1
2079,2
2079,3
2080,1
2080,2
2080,3
2081,1
2081,2
2081,3
2082,1
2082,2
2082,3
2083,1
2083,2
2083,3
2084,1
2084,2
2084,3
2085,1
2085,2
2085,3
2086,1
2086,2
2086,3
2087,1
2087,2
2087,3
2088,1
2088,2
2088,3
2089,1
2089,2
2089,3
2090,1
2090,2
2090,3
2091,1
2091,2
2091,3
2092,1
2092,2
2092,3
2093,1
2093,2
2093,3
2094,1
2094,2
2094,3
2095,1
2095,2
2095,3
2096,1
2096,2
2096,3
2097,2
2097,3
2098,2
2098,3
2099,2
2099,3
2100,1
2100,2
2100,3
2101,1
2101,2
2101,3
2102,1
2102,2
2102,3
2103,1
2103,2
2103,3
2104,1
2104,2
2104,3
2105,1
2105,2
2105,3
2106,1
2106,2
2106,3
2107,2
2107,3
2108,1
2108,2
2108,3
2109,1
2109,2
2109,3
2110,1
2110,2
2110,3
2111,1
2111,2
2111,3
2112,2
2112,3
2113,1
2113,2
2113,3
2114,1
2114,2
2114,3
2115,2
2115,3
2116,2
2116,3
2117,2
2117,3
2118,1
2118,2
2118,3
2119,1
2119,2
2119,3
2120,1
2120,2
2120,3
2121,1
2121,2
2121,3
2122,1
2122,2
2122,3
2123,2
2123,3
2124,2
2124,3
2125,1
2125,2
2125,3
2126,2
2126,3
2127,1
2127,2
2127,3
2128,1
2128,2
2128,3
2129,1
2129,2
2129,3
2130,1
2130,2
2130,3
2131,2
2131,3
2132,2
2132,3
2133,1
2133,2
2133,3
2134,2
2134,3
2135,1
2135,2
2135,3
2136,2
2136,3
2137,2
2137,3
2138,2
2138,3
2139,2
2139,3
2140,2
2140,3
2141,2
2141,3
2142,1
2142,2
2142,3
2143,1
2143,2
2143,3
2144,2
2144,3
2145,2
2145,3
2146,2
2146,3
2147,2
2147,3
2148,2
2148,3
2149,2
2149,3
2150,2
2150,3
2151,2
2151,3
2152,1
2152,2
2152,3
2153,3
2154,1
2154,2
2154,3
2155,1
2155,2
2155,3
2156,1
2156,2
2156,3
2157,1
2157,2
2157,3
2158,1
2158,2
2158,3
2159,1
2159,2
2159,3
2160,1
2160,2
2160,3
2161,1
2161,2
2161,3
2162,1
2162,2
2162,3
2163,1
2163,2
2163,3
2164,1
2164,2
2164,3
2165,1
2165,2
2165,3
2166,1
2166,2
2166,3
2167,1
2167,2
2167,3
2168,1
2168,2
2168,3
2169,1
2169,2
2169,3
2170,1
2170,2
2170,3
2171,1
2171,2
2171,3
2172,1
2172,2
2172,3
2173,1
2173,2
2173,3
2174,1
2174,2
2174,3
2175,1
2175,2
2175,3
2176,1
2176,2
2176,3
2177,1
2177,2
2177,3
2178,1
2178,2
2178,3
2179,1
2179,2
2179,3
2180,1
2180,2
2180,3
2181,1
2181,2
2181,3
2182,1
2182,2
2182,3
2183,1
2183,2
2183,3
2184,1
2184,2
2184,3
2185,1
2185,2
2185,3
2186,1
2186,2
2186,3
2187,1
2187,2
2187,3
2188,1
2188,2
2188,3
2189,1
2189,2
2189,3
2190,1
2190,2
2190,3
2191,1
2191,2
2191,3
2192,1
2192,2
2192,3
2193,1
2193,2
2193,3
2194,1
2194,2
2194,3
2195,1
2195,2
2195,3
2196,1
2196,2
2196,3
2197,1
2197,2
2197,3
2198,1
2198,2
2198,3
2199,1
2199,2
2199,3
2200,1
2200,2
2200,3
2201,1
2201,2
2201,3
2202,1
2202,2
2202,3
2203,1
2203,2
2203,3
2204,1
2204,2
2204,3
2205,1
2205,2
2205,3
2206,1
2206,2
2206,3
2207,1
2207,2
2207,3
2208,1
2208,2
2208,3
2209,1
2209,2
2209,3
2210,1
2210,2
2210,3
2211,1
2211,2
2211,3
2212,1
2212,2
2212,3
2213,1
2213,2
2213,3
2214,1
2214,2
2214,3
2215,1
2215,2
2215,3
2216,1
2216,2
2216,3
2217,1
2217,2
2217,3
2218,1
2218,2
2218,3
2219,1
2219,2
2219,3
2220,1
2220,2
2220,3
2221,1
2221,2
2221,3
2222,1
2222,2
2222,3
2223,1
2223,2
2223,3
2224,1
2224,2
2224,3
2225,1
2225,2
2225,3
2226,1
2226,2
2226,3
2227,1
2227,2
2227,3
2228,1
2228,2
2228,3
2229,1
2229,2
2229,3
2230,1
2230,2
2230,3
2231,1
2231,2
2231,3
2232,1
2232,2
2232,3
2233,1
2233,2
2233,3
2234,1
2234,2
2234,3
2235,1
2235,2
2235,3
2236,1
2236,2
2236,3
2237,1
2237,2
2237,3
2238,1
2238,2
2238,3
2239,1
2239,2
2239,3
2240,1
2240,2
2240,3
2241,1
2241,2
2241,3
2242,1
2242,2
2242,3
2243,1
2243,2
2243,3
2244,1
2244,2
2244,3
2245,1
2245,2
2245,3
2246,1
2246,2
2246,3
2247,1
2247,2
2247,3
2248,1
2248,2
2248,3
2249,1
2249,2
2249,3
2250,1
2250,2
2250,3
2251,1
2251,2
2251,3
2252,1
2252,2
2252,3
2253,1
2253,2
2253,3
2254,1
2254,2
2254,3
2255,1
2255,2
2255,3
2256,1
2256,2
2256,3
2257,1
2257,2
2257,3
2258,1
2258,2
2258,3
2259,1
2259,2
2259,3
2260,1
2260,2
2260,3
2261,1
2261,2
2261,3
2262,1
2262,2
2262,3
2263,1
2263,2
2263,3
2264,1
2264,2
2264,3
2265,1
2265,2
2265,3
2266,1
2266,2
2266,3
2267,1
2267,2
2267,3
2268,1
2268,2
2268,3
2269,1
2269,2
2269,3
2270,1
2270,2
2270,3
2271,1
2271,2
2271,3
2272,1
2272,2
2272,3
2273,1
2273,2
2273,3
2274,1
2274,2
2274,3
2275,1
2275,2
2275,3
2276,1
2276,2
2276,3
2277,1
2277,2
2277,3
2278,1
2278,2
2278,3
2279,1
2279,2
2279,3
2280,1
2280,2
2280,3
2281,1
2281,2
2281,3
2282,1
2282,2
2282,3
2283,1
2283,2
2283,3
2284,1
2284,2
2284,3
2285,1
2285,2
2285,3
2286,1
2286,2
2286,3
2287,1
2287,2
2287,3
2288,1
2288,2
2288,3
2289,1
2289,2
2289,3
2290,1
2290,2
2290,3
2291,1
2291,2
2291,3
2292,1
2292,2
2292,3
2293,1
2293,2
2293,3
2294,1
2294,2
2294,3
2295,1
2295,2
2295,3
2296,1
2296,2
2296,3
2297,1
2297,2
2297,3
2298,1
2298,2
2298,3
2299,1
2299,2
2299,3
2300,1
2300,2
2300,3
2301,1
2301,2
2301,3
2302,1
2302,2
2302,3
2303,1
2303,2
2303,3
2304,1
2304,2
2304,3
2305,1
2305,2
2305,3
2306,1
2306,2
2306,3
2307,1
2307,2
2307,3
2308,1
2308,2
2308,3
2309,1
2309,2
2309,3
2310,1
2310,2
2310,3
2311,1
2311,2
2311,3
2312,1
2312,2
2312,3
2313,1
2313,2
2313,3
2314,1
2314,2
2314,3
2315,1
2315,2
2315,3
2316,1
2316,2
2316,3
2317,1
2317,2
2317,3
2318,1
2318,2
2318,3
2319,1
2319,2
2319,3
2320,1
2320,2
2320,3
2321,1
2321,2
2321,3
2322,1
2322,2
2322,3
2323,1
2323,2
2323,3
2324,1
2324,2
2324,3
2325,1
2325,2
2325,3
2326,1
2326,2
2326,3
2327,1
2327,2
2327,3
2328,1
2328,2
2328,3
2329,1
2329,2
2329,3
2330,1
2330,2
2330,3
2331,1
2331,2
2331,3
2332,1
2332,2
2332,3
2333,1
2333,2
2333,3
2334,1
2334,2
2334,3
2335,1
2335,2
2335,3
2336,1
2336,2
2336,3
2337,1
2337,2
2337,3
2338,1
2338,2
2338,3
2339,1
2339,2
2339,3
2340,1
2340,2
2340,3
2341,1
2341,2
2341,3
2342,1
2342,2
2342,3
2343,1
2343,2
2343,3
2344,1
2344,2
2344,3
2345,1
2345,2
2345,3
2346,1
2346,2
2346,3
2347,1
2347,2
2347,3
2348,1
2348,2
2348,3
2349,1
2349,2
2349,3
2350,1
2350,2
2350,3
2351,1
2351,2
2351,3
2352,1
2352,2
2352,3
2353,1
2353,2
2353,3
2354,1
2354,2
2354,3
2355,1
2355,2
2355,3
2356,1
2356,2
2356,3
2357,1
2357,2
2357,3
2358,1
2358,2
2358,3
2359,1
2359,2
2359,3
2360,1
2360,2
2360,3
2361,1
2361,2
2361,3
2362,1
2362,2
2362,3
2363,1
2363,2
2363,3
2364,1
2364,2
2364,3
2365,1
2365,2
2365,3
2366,1
2366,2
2366,3
2367,1
2367,2
2367,3
2368,1
2368,2
2368,3
2369,1
2369,2
2369,3
2370,1
2370,2
2370,3
2371,1
2371,2
2371,3
2372,1
2372,2
2372,3
2373,1
2373,2
2373,3
2374,1
2374,2
2374,3
2375,1
2375,2
2375,3
2376,1
2376,2
2376,3
2377,1
2377,2
2377,3
2378,1
2378,2
2378,3
2379,1
2379,2
2379,3
2380,1
2380,3
2381,1
2381,3
2382,1
2382,2
2382,3
2383,1
2383,2
2383,3
2384,1
2384,2
2384,3
2385,1
2385,2
2385,3
2386,1
2386,2
2386,3
2387,1
2387,2
2387,3
2388,1
2388,2
2388,3
2389,1
2389,2
2389,3
2390,1
2390,2
2390,3
2391,1
2391,2
2391,3
2392,1
2392,2
2392,3
2393,1
2393,2
2393,3
2394,1
2394,2
2394,3
2395,1
2395,2
2395,3
2396,1
2396,2
2396,3
2397,1
2397,2
2397,3
2398,1
2398,2
2398,3
2399,1
2399,2
2399,3
2400,1
2400,2
2400,3
2401,1
2401,2
2401,3
2402,1
2402,2
2402,3
2403,1
2403,2
2403,3
2404,1
2404,2
2404,3
2405,1
2405,2
2405,3
2406,1
2406,2
2406,3
2407,1
2407,2
2407,3
2408,1
2408,2
2408,3
2409,1
2409,2
2409,3
2410,1
2410,2
2410,3
2411,1
2411,2
2411,3
2412,1
2412,2
2412,3
2413,1
2413,2
2413,3
2414,1
2414,2
2414,3
2415,1
2415,2
2415,3
2416,1
2416,2
2416,3
2417,1
2417,2
2417,3
2418,1
2418,2
2418,3
2419,1
2419,2
2419,3
2420,1
2420,2
2420,3
2421,1
2421,2
2421,3
2422,1
2422,2
2422,3
2423,1
2423,2
2423,3
2424,1
2424,2
2424,3
2425,1
2425,2
2425,3
2426,1
2426,2
2426,3
2427,1
2427,2
2427,3
2428,1
2428,2
2428,3
2429,1
2429,2
2429,3
2430,1
2430,2
2430,3
2431,1
2431,2
2431,3
2432,2
2432,3
2433,2
2433,3
2434,2
2434,3
2435,2
2435,3
2436,2
2436,3
2437,1
2437,2
2437,3
2438,1
2438,2
2438,3
2439,1
2439,2
2439,3
2440,1
2440,2
2440,3
2441,1
2441,2
2441,3
2442,1
2442,2
2442,3
2443,1
2443,2
2443,3
2444,1
2444,2
2444,3
2445,1
2445,2
2445,3
2446,1
2446,2
2446,3
2447,1
2447,2
2447,3
2448,1
2448,2
2448,3
2449,1
2449,2
2449,3
2450,1
2450,2
2450,3
2451,1
2451,2
2451,3
2452,1
2452,2
2452,3
2453,1
2453,2
2453,3
2454,1
2454,2
2454,3
2455,1
2455,2
2455,3
2456,1
2456,2
2456,3
2457,1
2457,2
2457,3
2458,1
2458,2
2458,3
2459,1
2459,2
2459,3
2460,1
2460,2
2460,3
2461,1
2461,2
2461,3
2462,1
2462,2
2462,3
2463,1
2463,2
2463,3
2464,1
2464,2
2464,3
2465,1
2465,2
2465,3
2466,1
2466,2
2466,3
2467,1
2467,2
2467,3
2468,1
2468,2
2468,3
2469,1
2469,2
2469,3
2470,1
2470,2
2470,3
2471,1
2471,2
2471,3
2472,1
2472,2
2472,3
2473,1
2473,2
2473,3
2474,1
2474,2
2474,3
2475,1
2475,2
2475,3
2476,1
2476,2
2476,3
2477,1
2477,2
2477,3
2478,2
2478,3
2479,1
2479,2
2479,3
2480,1
2480,2
2480,3
2481,1
2481,2
2481,3
2482,1
2482,2
2482,3
2483,1
2483,2
2483,3
2484,1
2484,2
2484,3
2485,1
2485,2
2485,3
2486,1
2486,2
2486,3
2487,1
2487,2
2487,3
2488,1
2488,2
2488,3
2489,1
2489,2
2489,3
2490,1
2490,2
2490,3
2491,1
2491,2
2491,3
2492,1
2492,2
2492,3
2493,1
2493,2
2493,3
2494,1
2494,2
2494,3
2495,1
2495,2
2495,3
2496,1
2496,2
2496,3
2497,1
2497,2
2497,3
2498,1
2498,2
2498,3
2499,1
2499,2
2499,3
2500,1
2500,2
2500,3
2501,1
2501,2
2501,3
2502,1
2502,2
2502,3
2503,1
2503,2
2503,3
2504,1
2504,2
2504,3
2505,1
2505,2
2505,3
2506,1
2506,2
2506,3
2507,1
2507,2
2507,3
2508,1
2508,2
2508,3
2509,1
2509,2
2509,3
2510,1
2510,2
2510,3
2511,1
2511,2
2511,3
2512,1
2512,2
2512,3
2513,1
2513,2
2513,3
2514,1
2514,2
2514,3
2515,1
2515,2
2515,3
2516,1
2516,2
2516,3
2517,1
2517,2
2517,3
2518,1
2518,2
2518,3
2519,1
2519,2
2519,3
2520,1
2520,2
2520,3
2521,1
2521,2
2521,3
2522,1
2522,2
2522,3
2523,2
2523,3
2524,1
2524,2
2524,3
2525,1
2525,2
2525,3
2526,1
2526,2
2526,3
2527,1
2527,2
2527,3
2528,1
2528,2
2528,3
2529,1
2529,2
2529,3
2530,1
2530,2
2530,3
2531,1
2531,2
2531,3
2532,1
2532,2
2532,3
2533,1
2533,2
2533,3
2534,1
2534,2
2534,3
2535,1
2535,2
2535,3
2536,1
2536,2
2536,3
2537,1
2537,2
2537,3
2538,1
2538,2
2538,3
2539,1
2539,2
2539,3
2540,1
2540,2
2540,3
2541,1
2541,2
2541,3
2542,1
2542,2
2542,3
2543,1
2543,2
2543,3
2544,1
2544,2
2544,3
2545,1
2545,2
2545,3
2546,1
2546,2
2546,3
2547,1
2547,2
2547,3
2548,1
2548,2
2548,3
2549,1
2549,2
2549,3
2550,1
2550,2
2550,3
2551,1
2551,2
2551,3
2552,1
2552,2
2552,3
2553,1
2553,2
2553,3
2554,1
2554,2
2554,3
2555,1
2555,2
2555,3
2556,1
2556,2
2556,3
2557,1
2557,2
2557,3
2558,1
2558,2
2558,3
2559,1
2559,2
2559,3
2560,1
2560,2
2560,3
2561,1
2561,2
2561,3
2562,1
2562,2
2562,3
2563,1
2563,2
2563,3
2564,1
2564,2
2564,3
2565,1
2565,2
2565,3
2566,1
2566,2
2566,3
2567,1
2567,2
2567,3
2568,1
2568,2
2568,3
2569,1
2569,2
2569,3
2570,1
2570,2
2570,3
2571,1
2571,2
2571,3
2572,1
2572,2
2572,3
2573,1
2573,2
2573,3
2574,1
2574,2
2574,3
2575,1
2575,2
2575,3
2576,1
2576,2
2576,3
2577,1
2577,2
2577,3
2578,1
2578,2
2578,3
2579,1
2579,2
2579,3
2580,1
2580,2
2580,3
2581,1
2581,2
2581,3
2582,1
2582,2
2582,3
2583,1
2583,2
2583,3
2584,1
2584,2
2584,3
2585,1
2585,2
2585,3
2586,1
2586,2
2586,3
2587,1
2587,2
2587,3
2588,1
2588,2
2588,3
2589,1
2589,2
2589,3
2590,1
2590,2
2590,3
2591,1
2591,2
2591,3
2592,1
2592,2
2592,3
2593,1
2593,2
2593,3
2594,2
2594,3
2595,1
2595,2
2595,3
2596,1
2596,2
2596,3
2597,1
2597,2
2597,3
2598,1
2598,2
2598,3
2599,1
2599,2
2599,3
2600,1
2600,2
2600,3
2601,2
2601,3
2602,2
2602,3
2603,2
2603,3
2604,2
2604,3
2605,1
2605,2
2605,3
2606,1
2606,2
2606,3
2607,1
2607,2
2607,3
2608,1
2608,2
2608,3
2609,2
2609,3
2610,1
2610,2
2610,3
2611,2
2611,3
2612,1
2612,2
2612,3
2613,1
2613,2
2613,3
2614,1
2614,2
2614,3
2615,1
2615,2
2615,3
2616,2
2616,3
2617,2
2617,3
2618,1
2618,2
2618,3
2619,2
2619,3
2620,1
2620,2
2620,3
2621,2
2621,3
2622,2
2622,3
2623,2
2623,3
2624,2
2624,3
2625,1
2625,2
2625,3
2626,1
2626,2
2626,3
2627,2
2627,3
2628,2
2628,3
2629,1
2629,2
2629,3
2630,2
2630,3
2631,2
2631,3
2632,1
2632,2
2632,3
2633,2
2633,3
2634,2
2634,3
2635,2
2635,3
2636,2
2636,3
2637,2
2637,3
2638,2
2638,3
2639,1
2639,2
2639,3
2640,1
2640,2
2640,3
2641,1
2641,2
2641,3
2642,1
2642,2
2642,3
2643,1
2643,2
2643,3
2644,1
2644,2
2644,3
2645,1
2645,2
2645,3
2646,1
2646,2
2646,3
2647,1
2647,2
2647,3
2648,1
2648,2
2648,3
2649,1
2649,2
2649,3
2650,1
2650,2
2650,3
2651,1
2651,2
2651,3
