phone_id,sensor_id
1,6
1,32
1,27
1,18
1,9
2,6
2,32
2,27
2,18
2,9
3,6
3,32
3,18
3,9
4,6
4,32
4,27
4,18
4,9
5,22
5,18
6,6
6,32
6,27
6,18
6,9
7,6
7,32
7,27
7,18
7,9
8,6
8,32
8,18
8,9
9,6
9,32
9,18
9,9
10,6
10,32
10,27
10,18
10,9
11,6
11,32
11,27
11,18
11,9
11,21
12,22
13,6
13,32
13,18
13,9
14,6
14,32
14,18
15,22
15,18
16,6
16,32
16,18
16,9
17,6
17,32
17,27
17,18
17,9
18,6
18,32
18,27
18,18
18,9
19,6
19,32
19,27
19,18
19,9
20,22
20,27
20,18
20,9
21,22
21,18
22,26
22,19
22,32
22,27
22,18
22,9
22,21
23,26
23,19
23,32
23,27
23,18
23,9
23,21
24,26
24,19
24,32
24,27
24,18
24,9
24,21
25,6
25,32
25,18
25,9
26,6
26,32
26,18
26,9
27,22
27,27
27,18
27,9
28,6
28,32
28,27
28,18
28,9
28,24
29,6
29,32
29,27
29,18
29,9
30,6
30,32
30,18
30,9
31,6
31,32
31,18
31,9
32,6
32,32
32,18
33,6
33,32
33,27
33,18
33,9
34,6
34,32
34,27
34,18
34,9
35,22
35,27
35,18
35,9
36,6
36,32
36,27
36,18
36,9
36,24
37,6
37,32
37,27
37,18
37,9
38,6
38,32
38,27
38,18
38,9
39,6
39,32
39,18
39,9
40,22
40,18
40,9
41,5
41,19
41,32
41,27
41,18
41,24
41,9
42,5
42,19
42,32
42,27
42,18
42,24
42,9
42,21
43,5
43,19
43,32
43,27
43,18
43,24
43,9
44,5
44,19
44,32
44,27
44,18
44,24
44,9
45,5
45,19
45,32
45,27
45,18
45,24
45,9
46,6
46,32
46,27
46,18
46,9
47,6
47,32
47,27
47,18
47,9
48,6
48,32
48,27
48,18
48,9
49,6
49,32
49,27
49,18
49,9
50,22
50,27
50,18
50,9
51,22
51,27
51,18
51,9
52,6
52,32
52,27
52,18
52,9
53,6
53,32
53,27
53,18
53,9
54,6
54,32
54,18
54,9
55,6
55,32
55,27
55,18
55,9
56,6
56,32
56,27
56,18
56,9
57,6
57,32
57,27
57,18
57,9
58,6
58,32
58,27
58,18
58,24
58,9
59,6
59,32
59,27
59,18
59,9
59,21
60,6
60,32
60,27
60,18
60,9
60,21
61,6
61,32
61,27
61,18
61,9
62,6
62,32
62,27
62,18
62,9
63,22
63,18
64,22
64,18
65,6
65,32
65,18
65,9
66,6
66,32
66,27
66,18
66,9
67,22
67,18
68,22
68,18
69,6
69,32
69,18
70,6
70,32
70,18
70,9
71,6
71,32
71,18
71,9
72,22
72,18
72,9
73,22
73,18
74,6
74,32
74,27
74,18
74,9
75,6
75,32
75,18
75,9
76,22
76,18
76,9
77,5
77,19
77,32
77,27
77,18
77,24
77,9
78,6
78,32
78,27
78,18
78,24
78,9
79,5
79,19
79,32
79,27
79,18
79,24
79,9
80,6
80,32
80,27
80,18
80,24
80,9
81,22
82,6
82,32
82,18
82,9
83,6
83,32
83,27
83,18
83,9
84,6
84,32
84,27
84,18
84,9
85,6
85,32
85,18
85,9
86,6
86,32
86,27
86,18
86,9
87,26
87,19
87,32
87,27
87,18
87,9
88,22
88,18
89,22
89,18
90,6
90,32
90,18
91,22
91,18
92,3
92,32
92,27
92,18
92,9
92,24
93,6
93,32
93,27
93,18
93,9
93,21
94,6
94,32
94,27
94,18
94,9
94,21
95,6
95,32
95,27
95,18
95,9
96,22
96,18
96,9
97,6
97,32
97,18
97,9
98,6
98,32
98,18
98,9
99,6
99,32
99,27
99,18
99,9
100,6
100,32
100,27
100,18
100,9
101,6
101,32
101,27
101,18
101,9
102,6
102,32
102,27
102,18
102,9
103,6
103,32
103,18
103,9
104,6
104,32
104,27
104,18
104,9
105,6
105,32
105,27
105,18
105,24
105,9
106,6
106,32
106,27
106,18
106,24
106,9
107,6
107,32
107,27
107,18
107,24
107,9
108,6
108,32
108,18
108,9
109,6
109,32
109,18
110,6
110,32
110,18
110,9
111,22
111,18
112,22
113,22
113,18
113,27
114,6
114,32
114,27
114,18
114,9
115,6
115,32
115,27
115,18
115,9
116,22
116,18
116,9
117,22
118,22
118,18
118,9
119,22
119,18
119,9
120,22
120,18
121,6
121,32
121,27
121,18
121,9
122,6
122,32
122,27
122,18
122,9
123,6
123,32
123,27
123,18
123,9
124,6
124,32
124,18
124,9
125,6
125,32
125,18
125,9
126,6
126,32
126,27
126,18
126,24
126,9
127,6
127,32
127,27
127,18
127,24
127,9
128,6
128,32
128,27
128,18
128,24
128,9
129,6
129,32
129,27
129,18
129,9
130,6
130,32
130,18
130,9
131,6
131,32
131,27
131,18
131,9
132,22
133,22
134,6
134,32
134,18
134,9
135,22
136,22
136,18
137,22
137,18
137,9
138,6
138,32
138,18
138,9
139,6
139,32
139,27
139,18
139,9
140,6
140,32
140,27
140,18
140,9
141,6
141,32
141,27
141,9
142,6
142,32
142,18
143,6
143,32
143,27
143,18
143,24
143,9
144,22
144,18
145,6
145,32
145,27
145,18
145,9
145,24
146,6
146,32
146,27
146,18
146,9
147,22
147,18
147,9
148,22
148,18
148,9
149,22
149,18
150,22
150,18
151,22
151,18
151,9
152,22
152,18
152,9
153,22
153,27
153,18
153,9
154,22
154,27
154,18
154,9
155,22
155,18
155,9
156,22
156,18
157,22
158,22
158,18
159,22
160,22
161,22
161,18
161,9
162,6
162,32
162,27
162,18
162,9
163,22
164,22
164,18
165,22
166,22
166,18
167,22
167,18
167,9
168,22
168,18
168,9
169,22
169,18
170,22
171,22
171,18
171,9
172,22
172,18
172,9
173,22
173,18
174,22
175,22
175,18
175,9
176,22
176,18
176,9
177,22
177,18
177,9
178,22
178,27
178,18
178,9
179,22
179,18
180,22
181,22
181,27
181,18
181,9
182,22
182,27
182,18
182,9
183,22
183,18
184,22
185,22
185,18
185,9
186,22
186,18
187,22
187,18
187,9
188,22
188,18
189,22
189,18
190,22
190,18
191,22
191,27
191,18
191,9
191,30
192,22
192,18
193,22
193,18
193,9
194,22
195,22
195,27
195,18
195,9
196,22
196,27
196,18
196,9
197,22
197,18
197,9
198,22
198,18
198,9
199,22
199,18
200,22
200,27
200,18
200,9
201,22
201,27
201,18
201,9
202,22
202,18
202,9
203,22
203,18
204,22
205,22
205,27
205,18
205,9
206,22
206,18
206,9
207,22
207,18
208,22
208,18
208,9
209,22
209,18
209,9
210,22
210,27
210,18
210,9
211,22
211,27
211,9
212,22
212,27
212,18
212,9
213,22
213,27
213,18
213,9
214,22
214,27
214,18
214,9
215,22
215,27
215,18
215,9
216,22
216,27
216,18
216,9
217,22
217,27
217,9
218,22
218,18
218,9
219,22
219,18
219,9
220,22
220,9
221,22
221,27
221,18
221,9
222,22
223,6
223,32
223,18
223,9
224,6
224,32
224,27
224,18
224,9
225,6
225,32
225,18
225,9
226,6
226,32
226,27
226,18
226,9
227,6
227,32
227,18
227,9
227,27
228,6
228,32
228,27
228,18
228,9
229,6
229,32
229,18
230,6
230,32
230,27
230,18
230,9
231,6
231,32
231,27
231,18
231,9
232,6
232,32
232,18
232,9
233,6
233,32
233,27
233,18
233,9
234,6
234,32
234,27
234,18
234,9
235,6
235,32
235,18
235,9
236,6
236,32
236,18
237,6
237,32
237,27
237,18
237,9
238,6
238,32
238,27
238,18
238,9
239,6
239,32
239,18
239,9
240,6
240,32
240,18
241,6
241,32
241,27
241,18
241,9
242,6
242,32
242,27
242,18
242,9
243,6
243,32
243,27
243,18
243,9
244,6
244,32
244,27
244,18
244,9
245,6
245,32
245,27
245,18
245,9
246,6
246,32
246,18
246,9
247,22
247,18
248,6
248,32
248,18
249,6
249,32
249,18
250,6
250,32
250,27
250,18
250,9
251,6
251,32
251,18
252,6
252,32
252,18
252,9
253,6
253,32
253,27
253,18
253,9
254,6
254,32
254,27
254,18
254,9
255,6
255,32
255,27
255,18
255,9
256,6
256,32
256,18
257,6
257,32
257,27
257,18
257,9
258,6
258,32
258,27
258,18
258,9
259,6
259,32
259,27
259,18
259,9
260,6
260,32
260,18
261,6
261,32
261,18
261,9
262,6
262,32
262,18
263,6
263,32
263,27
263,18
263,9
264,6
264,32
264,18
265,6
265,32
265,27
265,18
265,9
266,6
266,32
266,27
266,18
266,9
267,6
267,32
267,18
267,9
268,6
268,32
268,18
269,6
269,32
269,27
269,18
269,9
270,6
270,32
270,27
270,18
270,9
271,6
271,32
271,27
271,18
272,6
272,32
272,27
272,18
272,9
273,6
273,32
273,18
273,9
274,6
274,32
274,27
274,18
274,9
275,6
275,32
275,27
275,18
275,9
276,6
276,32
276,27
276,18
276,9
277,6
277,32
277,18
277,9
278,6
278,32
278,27
278,18
278,9
279,6
279,32
279,18
279,9
280,6
280,32
280,27
280,18
280,9
281,6
281,32
281,18
281,9
282,6
282,32
282,18
282,9
283,6
283,32
283,18
283,9
284,6
284,32
284,27
284,18
284,9
285,22
285,27
285,18
286,7
287,22
287,18
288,22
288,18
289,22
289,27
289,18
290,22
290,27
290,18
290,9
291,22
291,18
292,6
292,32
292,27
292,18
292,9
293,22
293,18
293,27
294,22
294,27
294,18
294,9
295,6
295,32
295,27
295,18
295,9
296,6
296,32
296,18
297,22
297,27
297,18
297,9
298,6
298,32
298,27
298,18
299,22
299,27
299,18
300,6
300,32
300,18
301,31
301,32
301,27
302,22
302,27
302,18
303,22
304,6
304,32
304,27
304,18
305,6
305,32
305,27
305,18
305,9
306,6
306,32
306,27
306,18
306,9
307,6
307,32
307,18
308,6
308,32
308,18
309,6
309,32
309,18
310,6
310,32
310,27
310,18
311,22
311,27
311,18
312,22
312,18
313,6
313,32
313,27
313,18
313,9
314,6
314,32
314,18
315,22
316,6
316,32
316,27
316,18
316,9
317,6
317,32
317,18
318,22
318,18
319,22
319,18
320,22
321,6
321,32
321,18
321,9
322,6
322,32
322,27
322,18
322,9
323,6
323,32
323,18
323,9
324,6
324,32
324,27
324,18
324,9
325,6
325,32
325,18
326,6
326,32
326,18
326,9
327,26
327,19
327,32
327,27
327,18
327,9
328,6
328,32
328,27
328,18
328,9
329,26
329,19
329,32
329,27
329,18
329,9
330,26
330,19
330,32
330,27
330,18
330,9
331,26
331,19
331,32
331,18
331,9
332,6
332,32
332,18
332,9
333,6
333,32
333,18
334,6
334,32
334,18
334,9
335,6
335,32
335,18
335,9
336,6
336,32
336,18
336,9
337,6
337,32
337,18
337,9
338,6
338,32
338,18
338,9
339,6
339,32
339,18
340,6
340,32
340,18
341,22
342,6
342,32
342,27
342,18
342,9
343,6
343,32
343,27
343,18
343,9
344,6
344,32
345,22
346,6
346,32
346,18
347,22
347,18
348,22
348,18
348,9
349,6
349,32
349,27
349,18
349,9
349,34
349,1
350,22
350,18
351,22
351,18
352,22
353,22
354,6
354,32
354,27
354,18
354,9
355,6
355,32
355,27
355,18
355,9
356,6
356,32
356,27
356,18
356,9
357,6
357,32
357,18
357,9
358,22
359,22
359,9
360,22
361,22
361,18
362,6
362,32
362,27
362,18
362,9
363,22
363,27
363,18
363,9
364,6
364,32
364,27
364,18
364,9
365,6
365,32
365,27
365,18
365,9
366,22
367,6
367,32
367,27
367,18
367,9
367,34
367,1
368,22
369,22
370,22
371,22
371,18
372,22
372,18
372,9
373,6
373,32
373,27
373,18
373,9
374,6
374,32
374,27
374,18
374,9
375,22
375,18
376,22
376,18
376,9
377,6
377,32
377,27
377,18
377,9
378,6
378,32
378,18
378,9
379,6
379,32
379,27
379,18
379,9
380,22
380,18
381,22
381,9
382,22
383,22
383,18
383,9
384,22
384,18
384,9
385,6
385,32
385,18
386,22
386,18
387,22
387,18
388,22
388,18
389,22
389,18
390,6
390,32
390,27
390,18
390,9
391,22
391,18
392,22
392,18
393,22
393,18
393,9
394,22
394,18
395,22
395,18
396,22
396,18
396,9
397,22
397,18
397,9
398,22
398,27
398,18
398,9
399,22
399,18
400,22
400,18
401,22
402,22
403,22
403,18
404,22
405,22
405,18
406,22
406,18
406,9
407,22
407,18
407,9
408,22
408,18
408,9
409,22
409,18
410,22
410,18
411,22
411,18
412,22
412,18
413,22
413,18
414,22
414,9
415,22
415,9
416,22
416,9
417,22
418,22
418,18
418,9
419,22
419,27
419,18
419,9
420,22
420,18
420,9
421,22
421,18
422,22
422,18
423,22
423,18
424,22
424,18
425,22
426,22
426,18
427,22
427,18
428,22
429,22
430,22
430,18
431,22
432,22
432,9
433,22
433,18
434,22
434,18
435,22
435,18
435,9
436,22
436,18
437,22
437,18
437,9
438,22
438,9
439,22
439,9
440,22
441,22
441,18
442,22
442,27
442,18
442,9
443,22
444,22
444,18
445,22
445,18
446,22
446,18
447,22
447,18
448,6
448,32
448,18
449,6
449,32
449,18
450,6
450,32
450,18
451,6
451,32
451,18
452,6
452,32
452,18
453,22
454,6
454,32
454,18
454,9
455,6
455,32
455,18
455,9
456,6
456,32
456,18
456,9
457,6
457,32
457,18
457,9
458,6
458,32
458,18
458,9
459,6
459,32
459,27
459,18
459,9
460,22
460,18
460,9
461,6
461,32
461,27
461,18
461,9
462,22
463,6
463,32
464,6
464,32
464,27
464,18
464,9
464,24
465,6
465,32
465,27
465,18
465,9
466,6
466,32
466,18
467,6
467,32
467,27
467,18
467,9
467,24
468,6
468,32
468,27
468,18
468,9
468,24
469,6
469,32
469,27
469,18
469,9
469,24
470,6
470,32
470,27
470,18
470,9
470,24
471,6
471,32
471,18
471,9
472,22
472,18
473,6
473,32
473,27
473,18
473,9
474,6
474,32
474,18
474,9
475,6
475,32
475,18
475,9
476,6
476,32
477,6
477,32
477,27
477,18
477,9
477,24
478,6
478,32
478,27
478,18
478,9
478,24
479,6
479,32
479,18
479,9
480,22
480,18
481,22
481,18
482,6
482,32
482,18
483,6
483,32
483,18
484,6
484,32
484,27
484,18
485,6
485,32
485,27
485,18
486,6
486,32
486,27
486,18
487,6
487,32
487,18
488,6
488,32
488,27
488,18
488,9
488,24
489,6
489,32
489,27
489,18
489,9
489,24
490,5
490,16
490,19
490,32
490,27
490,18
490,9
490,24
491,6
491,32
491,18
491,9
492,6
492,32
492,18
493,6
493,32
493,18
493,9
494,6
494,32
494,27
494,18
494,9
495,6
495,32
495,27
495,18
495,9
495,24
496,22
496,18
497,6
497,32
497,18
498,6
498,32
498,27
498,18
498,9
499,6
499,32
499,27
499,18
499,9
499,24
500,6
500,32
500,27
500,18
500,9
501,6
501,32
501,18
501,9
502,6
502,32
502,27
502,18
502,9
503,6
503,32
503,27
503,18
503,9
504,6
504,32
504,27
504,18
504,9
504,24
504,21
505,6
505,32
505,27
505,18
505,9
506,6
506,32
506,27
506,18
506,9
506,24
507,6
507,32
507,27
507,18
507,9
507,24
507,21
508,6
508,32
508,18
509,6
509,32
509,18
510,6
510,32
510,18
510,9
511,6
511,32
511,18
511,9
512,22
512,18
513,22
513,18
514,6
514,32
514,18
514,9
515,6
515,32
515,27
515,18
515,9
515,24
515,21
516,6
516,32
516,27
516,18
516,9
517,22
517,27
517,18
517,9
518,22
518,9
519,6
519,32
519,27
519,18
519,9
519,24
520,6
520,32
520,27
520,18
520,9
520,24
521,6
521,32
521,27
521,18
521,9
522,6
522,32
522,27
522,18
522,9
523,22
523,18
523,9
524,6
524,32
524,18
524,9
525,6
525,32
525,18
525,9
526,22
526,18
527,22
527,18
528,22
528,18
529,22
530,22
531,6
531,32
531,27
531,18
531,9
531,24
531,21
532,22
532,18
532,9
533,22
533,18
533,9
534,22
534,18
534,9
535,6
535,32
535,27
535,18
535,9
536,22
536,9
537,22
537,9
538,22
538,18
538,9
539,22
539,18
539,9
540,6
540,32
540,18
540,9
541,22
541,18
542,22
542,18
543,22
544,6
544,32
544,27
544,18
544,9
544,24
544,21
545,6
545,32
545,27
545,18
545,9
545,24
545,21
546,22
546,27
546,18
546,9
547,22
547,18
548,22
548,18
549,22
549,18
550,22
550,18
551,22
551,18
552,22
552,18
553,22
553,18
554,22
554,18
554,9
554,21
555,6
555,32
555,27
555,18
555,9
555,24
555,21
556,6
556,32
556,27
556,18
556,9
556,24
557,22
557,18
557,9
558,20
559,22
559,9
560,20
561,22
561,18
562,22
562,18
563,22
563,18
563,9
563,21
564,22
564,18
564,9
565,22
565,27
565,18
565,9
565,24
565,21
566,22
566,18
567,22
567,18
568,22
568,18
569,22
569,18
569,9
570,22
570,18
571,22
571,18
571,9
572,22
573,22
573,27
573,18
573,9
573,21
574,22
574,18
575,22
575,27
575,18
575,9
576,22
576,27
576,18
576,9
577,22
577,18
578,22
578,18
579,22
579,18
580,22
580,18
580,9
581,22
581,18
582,22
582,18
583,22
583,9
584,22
584,18
584,9
585,22
585,27
585,18
585,9
586,22
586,9
587,22
587,18
587,9
588,22
589,22
589,18
589,9
590,22
590,27
590,18
590,9
591,22
591,18
591,9
592,22
592,18
592,9
593,22
593,18
594,22
594,27
594,18
594,9
595,22
595,27
595,18
595,9
596,22
596,18
596,9
597,22
597,9
598,22
598,18
599,22
599,18
600,22
600,18
600,9
601,22
601,18
602,22
602,27
602,9
603,22
603,18
604,22
604,18
604,9
605,22
605,18
605,9
606,22
606,18
606,9
607,22
607,18
607,9
608,22
608,18
608,9
609,22
609,18
610,22
610,18
611,22
612,22
613,22
613,27
613,18
613,9
614,22
614,18
615,22
615,27
615,18
615,9
616,22
616,27
616,18
616,9
616,24
617,22
617,27
617,18
617,9
618,22
619,22
619,18
619,9
620,22
620,18
620,9
621,22
621,27
621,18
621,9
622,22
622,18
622,9
623,22
623,27
623,18
623,9
624,22
624,18
624,9
625,22
625,18
626,22
626,18
626,9
627,22
627,18
627,9
628,22
628,18
628,9
629,22
629,27
629,18
629,9
630,22
630,18
630,9
631,22
631,18
631,9
632,22
632,18
632,9
633,22
633,18
633,9
634,22
634,18
634,9
635,22
635,18
636,22
636,27
636,18
636,9
636,24
637,22
637,27
637,18
637,9
638,22
638,18
638,9
639,22
639,18
639,9
640,22
640,27
640,18
640,9
641,22
641,27
641,18
641,9
642,22
642,27
642,18
642,9
643,22
643,27
643,18
643,9
644,22
644,18
644,9
645,22
645,18
645,9
646,22
646,18
646,9
647,22
647,18
647,9
648,22
648,27
648,18
648,9
649,22
649,27
649,18
649,9
650,22
650,27
650,18
650,9
651,22
651,18
652,22
652,27
652,18
652,9
653,22
653,27
653,18
653,9
654,22
654,27
654,18
654,9
655,22
655,18
655,9
656,22
656,27
656,18
656,9
657,22
657,27
657,18
657,9
658,22
658,18
658,9
659,22
659,18
659,9
660,22
660,18
660,9
661,22
661,27
661,18
661,9
662,22
662,27
662,18
662,9
663,22
663,27
663,18
663,9
664,22
664,27
664,18
664,9
665,22
665,18
665,9
666,22
666,18
666,9
667,22
667,27
667,18
667,9
668,22
668,27
668,18
668,9
669,22
669,18
669,9
670,22
670,27
670,18
670,9
671,22
671,18
671,9
672,22
672,18
672,9
673,22
673,18
673,9
674,22
674,18
674,9
675,22
675,27
675,18
675,9
676,22
676,27
676,18
676,9
677,22
677,18
677,9
678,22
678,27
678,18
678,9
679,22
679,27
679,18
679,9
680,22
680,27
680,18
680,9
681,22
681,18
681,9
682,22
682,18
682,9
683,22
683,18
683,9
684,22
684,18
685,22
685,18
685,9
686,6
686,32
686,18
687,6
687,32
687,18
687,9
688,22
688,18
688,24
689,6
689,32
689,27
689,18
689,9
689,24
690,22
690,18
691,6
691,32
691,18
692,6
692,32
692,18
693,22
693,18
694,6
694,32
694,27
694,18
694,9
695,6
695,32
695,27
695,18
695,9
696,22
696,18
697,22
697,18
698,6
698,32
698,18
699,22
699,18
699,24
700,6
700,32
700,18
701,22
702,6
702,32
702,18
703,6
703,32
703,18
704,6
704,32
704,27
704,18
704,9
704,24
705,6
705,32
705,18
706,6
706,32
706,27
706,18
706,9
707,6
707,32
707,27
707,18
707,9
707,24
708,6
708,32
708,18
709,22
709,18
710,22
710,18
711,22
711,18
712,6
712,32
712,27
712,18
713,6
713,32
713,27
713,18
713,9
714,6
714,32
714,18
715,22
715,18
716,6
716,32
716,18
717,6
717,32
717,27
717,18
718,22
718,18
719,6
719,32
719,27
719,18
719,9
720,6
720,32
720,27
720,18
720,9
721,22
721,18
722,22
722,18
722,9
723,22
724,22
724,18
724,9
725,22
725,18
726,6
726,32
726,18
727,22
728,6
728,32
728,27
728,18
729,22
729,18
730,22
730,18
731,6
731,32
731,27
731,18
732,6
732,32
732,18
733,6
733,32
733,18
734,6
734,32
734,18
734,9
735,22
735,18
736,22
736,18
737,6
737,32
737,27
737,18
737,9
738,6
738,32
738,18
739,22
739,18
740,22
740,18
741,22
741,18
742,6
742,32
742,27
742,18
742,9
743,6
743,32
743,27
743,18
743,9
744,22
744,18
745,6
745,32
745,27
745,18
745,9
746,6
746,32
746,27
746,18
746,9
746,24
747,6
747,32
747,18
748,22
748,18
749,6
749,32
749,18
750,22
750,18
751,6
751,32
751,27
751,18
751,9
752,6
752,32
752,27
752,18
752,9
753,6
753,32
753,27
753,18
753,9
754,6
754,32
754,27
754,18
754,9
755,6
755,32
755,27
755,18
755,9
756,6
756,32
756,27
756,18
756,9
757,22
757,27
757,18
757,9
758,22
758,18
759,6
759,32
759,27
759,18
759,9
759,24
760,6
760,32
760,27
760,18
760,9
761,6
761,32
761,27
761,18
761,9
762,22
762,18
763,22
763,18
763,9
764,6
764,32
764,27
764,18
764,9
765,6
765,32
765,27
765,18
765,9
765,24
766,22
766,27
766,18
766,9
767,6
767,32
767,27
767,18
767,9
768,6
768,32
768,27
768,18
768,9
769,22
770,22
770,18
770,9
770,13
771,22
771,27
771,18
771,9
771,13
772,22
772,27
772,18
772,9
773,22
774,22
775,22
775,18
776,22
776,27
776,18
776,9
776,13
777,22
777,13
778,22
778,13
779,22
779,13
780,22
780,18
781,22
781,18
782,22
782,18
783,22
783,27
783,18
783,9
783,13
784,22
784,18
785,22
785,27
785,18
785,9
785,24
786,22
786,27
786,18
786,9
787,22
787,27
787,18
787,9
788,22
788,18
788,9
789,22
789,18
790,22
790,18
790,9
791,22
791,27
791,18
791,9
792,22
792,27
792,18
792,9
793,22
793,27
793,18
793,9
794,22
794,27
794,18
794,9
795,22
795,18
795,9
796,22
796,18
796,9
797,22
797,18
797,9
798,22
798,18
798,9
799,22
799,18
799,9
800,22
800,18
800,9
801,6
801,32
801,27
801,18
801,9
801,24
802,6
802,32
802,27
802,18
802,9
802,24
803,6
803,32
803,27
803,18
803,9
803,24
804,6
804,32
804,27
804,9
805,22
805,18
805,9
806,6
806,32
806,27
806,9
807,6
807,32
807,18
808,6
808,32
808,27
808,18
808,9
808,24
809,6
809,32
809,27
809,18
809,9
809,24
810,6
810,32
810,27
810,18
810,9
811,6
811,32
811,27
811,18
811,9
812,6
812,32
812,27
812,18
812,9
813,6
813,32
813,27
813,9
814,6
814,32
814,27
814,18
814,9
815,6
815,32
815,27
815,9
815,24
816,6
816,32
816,27
816,9
817,6
817,32
817,27
817,18
817,9
817,24
818,6
818,32
818,27
818,18
818,9
818,24
819,6
819,32
819,27
819,18
819,9
819,24
820,6
820,32
820,18
820,9
821,6
821,32
821,27
821,18
821,9
821,24
822,22
822,27
822,18
822,9
823,6
823,32
823,27
823,18
823,9
824,6
824,32
825,6
825,32
825,27
825,18
825,9
825,24
826,6
826,32
826,27
826,18
826,9
826,24
827,6
827,32
827,27
827,9
827,24
828,6
828,32
828,9
829,6
829,32
829,27
829,18
829,9
829,24
830,6
830,32
830,9
831,22
831,18
831,27
832,6
832,32
832,27
832,18
832,9
833,6
833,32
833,27
833,9
834,6
834,32
834,27
834,9
834,24
835,6
835,32
835,27
835,9
836,6
836,32
836,27
837,6
837,32
837,27
837,9
838,6
838,32
838,27
838,9
839,6
839,32
839,9
840,6
840,32
840,27
840,18
840,9
840,24
841,6
841,32
841,27
841,18
841,9
841,24
842,6
842,32
842,27
842,18
842,9
842,24
843,6
843,32
843,27
843,18
843,9
844,6
844,32
844,27
844,18
844,9
845,6
845,32
845,27
845,18
845,9
846,6
846,32
846,27
846,18
846,9
847,22
847,27
847,18
847,9
848,6
848,32
848,27
848,9
848,24
849,22
849,18
850,22
850,18
851,6
851,32
851,27
851,18
851,9
852,6
852,32
852,27
852,18
852,9
853,6
853,33
854,6
854,32
854,27
854,9
855,6
855,32
855,18
856,6
856,32
856,27
856,9
857,6
857,32
857,27
857,18
857,9
857,24
858,6
858,32
858,27
858,18
858,9
858,24
859,6
859,32
860,6
860,32
861,6
861,32
861,27
861,18
861,9
862,6
862,32
862,27
862,9
863,6
863,32
863,27
863,9
864,6
864,32
864,27
864,18
864,9
865,6
865,32
865,27
865,9
866,22
866,18
866,9
866,27
867,6
867,32
867,27
867,18
867,9
868,6
868,32
868,27
868,9
869,6
869,32
870,6
870,32
870,27
870,18
870,9
871,6
871,32
872,22
872,18
873,6
873,32
873,27
873,9
874,6
874,32
874,27
874,9
875,6
875,32
875,27
875,9
876,22
876,27
876,18
876,9
877,6
877,32
877,27
877,9
878,6
878,32
878,27
878,18
878,9
879,6
879,32
880,6
880,32
880,27
880,18
880,9
880,24
881,6
881,32
881,27
881,18
881,9
881,24
882,6
882,32
882,27
882,18
882,9
882,24
883,6
883,32
883,27
883,9
884,22
884,18
885,6
885,32
886,22
887,22
888,22
888,18
889,6
889,32
889,27
889,18
889,9
890,6
890,32
890,27
890,9
891,6
891,32
891,27
891,9
892,6
892,32
892,27
892,18
892,9
893,6
893,32
893,27
893,9
894,6
894,32
894,27
894,9
895,6
895,32
895,27
895,18
895,9
896,22
896,27
896,18
896,9
897,6
897,32
897,27
897,18
897,9
898,6
898,32
898,27
898,18
898,9
899,6
899,32
899,27
899,18
899,9
899,24
900,6
900,32
900,27
900,18
900,9
900,24
901,6
901,32
901,27
901,18
901,9
901,24
902,6
902,32
902,27
902,18
902,9
902,24
903,6
903,32
903,27
903,18
903,9
903,24
904,6
904,32
904,27
904,18
904,9
905,6
905,32
905,27
905,18
905,9
906,6
906,32
906,27
906,18
906,9
906,24
907,6
907,32
907,27
907,9
908,6
908,32
908,18
909,22
910,22
911,22
911,18
912,6
912,32
912,27
912,18
912,9
913,22
913,18
914,6
914,32
914,27
914,18
914,9
915,6
915,32
915,27
915,18
915,9
916,6
916,32
916,27
916,18
916,9
917,22
918,22
918,18
918,27
919,6
919,32
919,18
920,6
920,32
920,27
920,9
921,6
921,32
921,27
921,9
922,6
922,32
922,27
922,18
922,9
923,6
923,32
923,18
924,6
924,32
924,27
924,9
925,6
925,32
925,27
925,18
925,9
925,24
926,6
926,32
926,27
926,18
926,9
926,24
927,6
927,32
927,27
927,18
927,9
927,24
928,6
928,32
928,27
928,18
928,9
928,24
929,6
929,32
929,27
929,18
929,9
929,24
930,6
930,32
930,27
930,18
930,9
930,24
931,6
931,32
931,27
931,18
931,9
931,24
932,6
932,32
932,27
932,18
932,9
932,24
933,6
933,32
933,27
933,18
933,9
934,6
934,32
934,27
934,18
934,9
935,6
935,32
935,27
935,18
935,9
936,6
936,32
936,27
936,18
936,9
937,22
937,18
938,6
938,32
938,27
938,18
938,9
939,6
939,32
939,27
939,9
940,6
940,32
940,27
940,18
940,9
940,24
941,6
941,32
941,27
941,18
941,9
942,6
942,32
942,27
942,18
942,9
943,6
943,32
943,27
943,18
943,9
944,6
944,32
944,27
944,18
944,9
945,6
945,32
945,27
945,18
945,9
945,24
946,6
946,32
946,27
946,18
946,9
946,24
947,6
947,32
947,27
947,18
947,9
948,6
948,32
948,27
948,18
948,9
949,6
949,32
949,27
949,18
949,9
950,6
950,32
950,27
950,18
950,9
951,6
951,32
951,27
951,18
951,9
951,24
952,6
952,32
952,27
952,18
952,9
952,24
953,6
953,32
953,27
953,18
953,9
953,24
954,6
954,32
954,27
954,18
954,9
954,24
955,6
955,32
955,18
956,22
956,18
957,6
957,32
957,27
957,18
957,9
958,22
959,22
959,18
959,9
960,22
960,18
961,22
962,6
962,32
962,27
962,18
962,9
962,24
963,6
963,32
963,27
963,18
963,9
963,24
963,34
963,10
964,6
964,32
964,27
964,18
964,9
964,24
964,34
964,10
965,6
965,32
965,27
965,18
965,9
965,24
966,6
966,32
966,27
966,18
966,9
967,6
967,32
967,27
967,18
967,9
968,6
968,32
968,27
968,18
968,9
969,22
969,18
970,6
970,32
970,27
970,18
970,9
971,6
971,32
971,27
971,18
971,9
972,6
972,32
972,27
972,18
972,9
973,6
973,32
973,27
973,18
973,9
974,6
974,32
974,27
974,18
974,9
975,6
975,32
975,27
975,18
975,9
976,6
976,32
976,27
976,18
976,9
977,6
977,32
977,27
977,18
977,9
978,22
978,18
979,6
979,32
979,27
979,18
979,9
980,22
980,27
980,9
981,22
982,17
982,32
982,27
982,18
982,9
983,22
983,27
983,9
984,6
984,32
984,27
984,18
984,9
985,6
985,32
985,27
985,18
985,9
986,6
986,32
986,27
986,18
986,9
987,6
987,32
987,27
987,18
987,9
988,17
988,19
988,32
988,27
988,18
988,9
988,24
988,34
988,10
989,6
989,32
989,27
989,18
989,9
990,22
990,18
991,6
991,32
991,27
991,18
991,29
991,25
992,22
992,18
993,6
993,32
993,18
994,22
994,27
994,18
994,9
995,22
995,27
995,18
995,9
996,6
996,32
996,27
996,18
996,9
997,17
997,19
997,32
997,27
997,18
997,9
997,24
998,6
998,32
998,18
999,6
999,32
999,18
1000,22
1000,18
1001,6
1001,32
1001,27
1001,18
1001,9
1002,6
1002,32
1002,27
1002,18
1002,9
1003,6
1003,32
1003,18
1004,6
1004,32
1004,18
1005,17
1005,19
1005,32
1005,27
1005,18
1005,9
1005,24
1005,34
1005,10
1006,17
1006,19
1006,32
1006,27
1006,18
1006,9
1006,24
1006,34
1006,10
1007,22
1007,18
1008,6
1008,32
1008,27
1008,18
1008,9
1008,24
1009,6
1009,32
1009,27
1009,18
1009,9
1009,24
1010,22
1010,18
1011,6
1011,32
1011,27
1011,18
1011,9
1012,22
1013,6
1013,32
1013,27
1013,18
1013,9
1014,17
1014,19
1014,32
1014,27
1014,18
1014,9
1014,24
1014,34
1014,10
1015,17
1015,19
1015,32
1015,27
1015,18
1015,9
1015,24
1015,34
1016,22
1016,27
1016,18
1016,9
1017,17
1017,19
1017,32
1017,27
1017,18
1017,9
1017,24
1017,34
1017,10
1018,6
1018,32
1018,27
1018,18
1018,9
1019,6
1019,32
1019,27
1019,18
1019,9
1020,6
1020,32
1020,27
1020,18
1020,9
1021,6
1021,32
1021,27
1021,18
1021,9
1022,22
1022,18
1023,22
1023,18
1024,22
1024,18
1025,17
1025,19
1025,32
1025,27
1025,18
1025,9
1025,24
1025,34
1025,10
1026,17
1026,19
1026,32
1026,27
1026,18
1026,9
1026,24
1026,34
1026,10
1027,6
1027,32
1027,27
1027,18
1027,9
1028,22
1028,18
1028,9
1029,6
1029,32
1029,27
1029,9
1030,22
1031,22
1031,27
1031,18
1031,9
1032,6
1032,32
1032,27
1032,18
1032,9
1033,6
1033,32
1033,27
1033,18
1033,9
1033,24
1034,6
1034,32
1034,27
1034,18
1034,9
1034,24
1035,6
1035,32
1035,27
1035,18
1035,9
1035,24
1036,22
1036,18
1037,22
1037,18
1038,6
1038,32
1038,18
1038,9
1039,6
1039,32
1039,18
1039,9
1040,22
1040,18
1041,6
1041,32
1041,18
1042,6
1042,32
1042,18
1043,22
1044,17
1044,19
1044,32
1044,27
1044,18
1044,9
1044,24
1044,34
1044,10
1045,17
1045,19
1045,32
1045,27
1045,18
1045,9
1045,24
1045,34
1045,10
1046,22
1046,18
1047,22
1047,18
1048,22
1049,22
1049,18
1050,22
1050,18
1051,22
1051,18
1052,22
1052,18
1052,9
1053,6
1053,32
1053,27
1053,18
1053,9
1053,24
1053,34
1053,10
1054,22
1054,18
1055,6
1055,32
1055,18
1055,9
1056,6
1056,32
1056,18
1056,9
1057,6
1057,32
1057,18
1057,9
1058,22
1058,18
1059,22
1059,18
1060,22
1061,22
1062,6
1062,32
1062,27
1062,18
1062,9
1062,24
1062,34
1062,10
1063,6
1063,32
1063,27
1063,18
1063,9
1063,24
1063,34
1063,10
1064,6
1064,32
1064,27
1064,18
1064,9
1064,24
1064,34
1064,10
1065,6
1065,32
1065,27
1065,18
1065,9
1065,24
1065,34
1065,10
1066,22
1067,22
1068,22
1068,18
1069,6
1069,32
1069,18
1069,9
1070,6
1070,32
1070,18
1070,9
1071,6
1071,32
1071,18
1071,9
1072,22
1072,18
1072,9
1073,22
1073,18
1074,22
1074,18
1075,22
1076,22
1076,18
1077,22
1077,18
1078,22
1078,18
1079,22
1079,18
1080,6
1080,32
1080,27
1080,18
1080,9
1080,24
1080,34
1080,10
1081,6
1081,32
1081,27
1081,18
1081,9
1081,24
1081,34
1081,10
1082,6
1082,32
1082,27
1082,18
1082,9
1082,24
1082,34
1082,10
1083,6
1083,32
1083,27
1083,18
1083,9
1083,24
1083,34
1083,10
1084,6
1084,32
1084,27
1084,18
1084,9
1084,24
1084,34
1084,10
1085,6
1085,32
1085,27
1085,18
1085,9
1085,24
1085,34
1085,10
1086,22
1086,27
1086,18
1086,9
1086,34
1087,22
1087,27
1087,18
1087,9
1088,22
1088,18
1089,6
1089,32
1089,27
1089,9
1090,6
1090,32
1090,27
1090,18
1090,9
1091,6
1091,32
1091,18
1091,9
1092,6
1092,32
1092,18
1092,9
1093,22
1094,22
1094,18
1095,22
1095,18
1096,22
1096,18
1097,22
1098,22
1098,27
1098,18
1098,9
1098,24
1098,34
1099,22
1100,22
1100,9
1101,22
1102,22
1103,22
1104,6
1104,32
1104,27
1104,18
1104,9
1104,24
1104,34
1104,10
1105,6
1105,32
1105,27
1105,18
1105,9
1105,24
1105,34
1105,10
1106,6
1106,32
1106,27
1106,18
1106,9
1106,24
1106,34
1106,10
1107,6
1107,32
1107,27
1107,18
1107,9
1107,24
1107,34
1107,10
1108,6
1108,32
1108,27
1108,18
1108,9
1108,24
1108,34
1108,10
1109,22
1109,18
1110,22
1110,18
1111,22
1111,18
1112,22
1112,18
1112,9
1113,22
1113,18
1113,9
1114,22
1114,18
1114,9
1115,22
1115,18
1116,22
1116,18
1117,22
1117,18
1118,22
1118,18
1118,9
1119,22
1119,18
1119,9
1120,22
1120,18
1120,9
1121,22
1121,18
1121,9
1122,6
1122,32
1122,27
1122,18
1122,9
1122,24
1122,28
1122,34
1123,22
1123,18
1123,9
1124,22
1124,18
1124,9
1125,22
1125,18
1126,6
1126,32
1126,27
1126,18
1126,9
1126,24
1126,4
1126,34
1126,10
1127,6
1127,32
1127,27
1127,18
1127,9
1127,24
1127,28
1127,4
1127,34
1127,10
1128,6
1128,32
1128,27
1128,18
1128,9
1128,24
1128,28
1128,4
1128,34
1128,10
1129,6
1129,32
1129,27
1129,18
1129,9
1129,24
1129,28
1129,4
1129,34
1129,10
1130,22
1130,27
1130,9
1131,22
1131,27
1131,18
1131,9
1132,6
1132,32
1132,27
1132,18
1132,9
1132,24
1132,28
1132,34
1133,6
1133,32
1133,27
1133,18
1133,9
1133,34
1134,6
1134,32
1134,27
1134,18
1134,9
1134,34
1135,6
1135,32
1135,27
1135,18
1135,9
1135,34
1136,22
1136,18
1136,9
1137,22
1138,6
1138,32
1138,27
1138,18
1138,9
1138,34
1139,22
1140,22
1141,22
1142,22
1143,22
1144,22
1144,27
1144,18
1144,9
1144,24
1144,34
1145,6
1145,32
1145,27
1145,18
1145,9
1145,24
1145,28
1145,34
1146,6
1146,32
1146,27
1146,18
1146,9
1147,6
1147,32
1147,27
1147,9
1148,22
1148,18
1149,22
1149,27
1149,18
1149,9
1150,22
1150,9
1150,18
1151,22
1151,27
1151,18
1151,9
1151,34
1152,22
1152,27
1152,18
1152,9
1153,22
1153,27
1153,18
1153,9
1154,22
1154,18
1155,22
1155,18
1156,22
1157,22
1158,22
1159,22
1160,22
1161,22
1161,18
1161,9
1162,6
1162,32
1162,27
1162,18
1162,9
1162,24
1162,28
1162,34
1163,6
1163,32
1163,27
1163,18
1163,9
1163,24
1163,28
1163,34
1164,6
1164,32
1164,27
1164,18
1164,9
1164,24
1164,28
1164,34
1165,6
1165,32
1165,27
1165,18
1165,9
1165,24
1165,28
1165,34
1166,22
1166,18
1166,9
1167,22
1167,18
1167,9
1168,22
1168,9
1169,22
1169,27
1169,18
1169,9
1170,22
1170,27
1170,18
1170,9
1171,22
1172,22
1172,18
1172,9
1173,22
1173,27
1173,9
1174,22
1174,27
1174,9
1175,22
1175,27
1175,9
1176,22
1176,27
1176,9
1177,22
1177,27
1177,9
1178,22
1178,27
1178,9
1179,22
1179,18
1179,9
1180,22
1180,18
1180,9
1181,22
1181,18
1181,9
1182,22
1182,27
1182,18
1182,9
1183,22
1183,27
1183,18
1183,9
1184,22
1184,27
1184,18
1184,9
1185,22
1185,27
1185,18
1185,9
1186,22
1186,27
1186,18
1186,9
1187,22
1187,27
1187,18
1187,9
1188,22
1188,27
1188,9
1189,22
1189,18
1190,22
1190,18
1190,9
1191,22
1191,27
1191,18
1191,9
1192,22
1192,27
1192,18
1192,9
1193,22
1193,27
1193,18
1193,9
1194,22
1194,18
1195,22
1195,18
1195,9
1196,22
1196,27
1196,18
1196,9
1196,24
1197,22
1197,18
1197,9
1198,22
1198,27
1198,18
1198,9
1199,22
1199,27
1199,18
1199,9
1199,24
1200,22
1200,27
1200,18
1200,9
1200,24
1201,22
1201,27
1201,18
1201,9
1202,22
1202,27
1202,9
1203,22
1203,18
1203,9
1204,22
1204,18
1205,22
1205,27
1205,18
1205,9
1206,22
1206,27
1206,9
1207,22
1207,18
1207,9
1208,22
1208,18
1208,9
1209,22
1209,18
1209,9
1210,22
1210,27
1210,9
1211,22
1212,22
1212,18
1212,9
1213,22
1213,27
1213,18
1213,9
1213,24
1214,22
1214,27
1214,18
1214,9
1214,24
1215,22
1215,27
1215,18
1215,9
1215,24
1216,22
1216,27
1216,18
1216,9
1216,24
1217,22
1217,27
1217,18
1217,9
1218,22
1218,27
1218,9
1219,22
1219,18
1219,9
1220,22
1220,18
1220,9
1221,22
1221,18
1221,9
1222,22
1222,27
1222,18
1222,9
1223,22
1223,27
1223,18
1223,9
1224,22
1224,27
1224,18
1224,9
1224,24
1225,22
1225,18
1225,9
1226,22
1226,27
1226,18
1226,9
1227,22
1227,27
1227,18
1227,9
1228,22
1228,27
1228,18
1228,9
1228,24
1229,22
1229,18
1229,9
1230,22
1230,27
1230,18
1230,9
1230,24
1231,22
1231,27
1231,18
1231,9
1231,24
1232,22
1232,18
1232,9
1233,22
1233,27
1233,18
1233,9
1234,22
1234,18
1234,9
1235,22
1235,27
1235,18
1235,9
1236,22
1236,18
1236,9
1237,22
1237,27
1237,18
1237,9
1237,24
1238,22
1238,27
1238,18
1238,9
1238,24
1239,22
1239,27
1239,18
1239,9
1240,22
1240,18
1240,9
1241,22
1241,27
1241,18
1241,9
1242,22
1242,18
1242,9
1243,22
1243,27
1243,18
1243,9
1244,22
1244,27
1244,18
1244,9
1245,22
1245,27
1245,18
1245,9
1246,22
1246,27
1246,18
1246,9
1246,24
1247,22
1247,27
1247,18
1247,9
1248,22
1248,27
1248,18
1248,9
1249,22
1249,27
1249,18
1249,9
1250,22
1250,27
1250,18
1250,9
1251,22
1251,27
1251,18
1251,9
1252,22
1252,27
1252,9
1253,22
1253,27
1253,18
1253,9
1254,22
1254,27
1254,18
1254,9
1255,22
1255,18
1255,9
1256,22
1256,18
1256,9
1257,22
1257,27
1257,18
1257,9
1257,24
1258,22
1258,27
1258,18
1258,9
1258,24
1259,22
1259,27
1259,9
1260,22
1260,27
1260,9
1261,22
1261,27
1261,9
1262,22
1262,27
1262,18
1262,9
1262,24
1263,22
1263,27
1263,18
1263,9
1264,22
1264,27
1264,18
1264,9
1265,22
1265,18
1265,9
1266,22
1266,18
1266,9
1267,22
1267,18
1267,9
1268,22
1268,27
1268,18
1268,9
1269,22
1269,18
1269,9
1270,22
1270,18
1270,9
1271,22
1271,18
1271,9
1272,22
1272,18
1272,9
1273,22
1273,27
1273,18
1273,9
1273,24
1273,30
1273,23
1273,28
1274,22
1274,27
1274,18
1274,9
1274,24
1274,28
1275,22
1275,18
1276,22
1276,18
1276,9
1277,22
1277,9
1277,18
1278,22
1278,27
1278,18
1278,9
1279,22
1279,27
1279,18
1279,9
1279,24
1279,30
1279,23
1279,28
1280,22
1280,18
1280,9
1281,22
1281,27
1281,18
1281,9
1282,22
1282,18
1282,9
1283,22
1283,9
1284,22
1284,27
1284,18
1284,9
1285,22
1285,18
1286,22
1286,27
1286,18
1286,9
1286,24
1286,30
1286,23
1286,28
1287,22
1287,27
1287,18
1287,9
1288,22
1288,18
1288,9
1289,22
1289,27
1289,18
1289,9
1290,22
1290,27
1290,18
1290,9
1290,24
1290,30
1290,23
1290,28
1291,22
1291,18
1291,9
1292,22
1292,27
1292,18
1292,9
1292,24
1292,30
1292,23
1292,28
1293,22
1293,18
1293,9
1294,22
1294,27
1294,18
1294,9
1294,24
1294,30
1294,23
1294,28
1295,22
1296,22
1296,27
1296,18
1296,9
1296,24
1296,30
1296,23
1296,28
1297,22
1297,18
1297,9
1298,22
1298,18
1298,9
1299,22
1299,27
1299,18
1299,9
1300,22
1300,18
1300,9
1301,22
1301,27
1301,18
1301,9
1301,24
1301,30
1301,23
1301,28
1302,22
1302,27
1302,9
1303,22
1303,18
1303,9
1304,22
1304,27
1304,18
1304,9
1305,22
1305,18
1305,9
1306,22
1306,18
1306,9
1307,22
1307,18
1307,9
1308,22
1308,27
1308,18
1308,9
1308,24
1308,28
1309,22
1309,27
1309,18
1309,9
1309,24
1310,22
1310,27
1310,18
1310,9
1311,22
1311,27
1311,18
1311,9
1312,22
1312,18
1313,22
1313,27
1313,18
1313,9
1314,22
1315,22
1315,9
1316,22
1316,18
1316,9
1317,22
1317,18
1317,9
1318,22
1318,18
1318,9
1319,22
1319,18
1319,9
1320,6
1320,32
1320,18
1320,27
1320,9
1320,18
1321,22
1321,27
1321,18
1321,9
1322,22
1322,27
1322,18
1322,9
1323,22
1323,18
1323,9
1324,22
1325,22
1325,27
1325,18
1325,9
1325,13
1326,22
1326,18
1327,22
1328,6
1328,32
1328,18
1329,22
1329,18
1330,6
1330,32
1330,18
1330,9
1331,6
1331,32
1331,18
1331,9
1332,6
1332,32
1332,18
1333,6
1333,32
1333,18
1333,9
1334,6
1334,32
1334,18
1335,22
1335,18
1336,6
1336,32
1336,18
1336,9
1337,6
1337,32
1337,18
1337,9
1338,6
1338,32
1338,18
1338,9
1339,6
1339,32
1339,18
1340,22
1340,18
1341,6
1341,32
1341,18
1341,9
1342,6
1342,32
1342,18
1343,6
1343,32
1343,18
1344,22
1345,6
1345,32
1345,18
1346,22
1346,18
1347,6
1347,32
1347,27
1347,18
1347,9
1348,6
1348,32
1348,27
1348,18
1348,9
1349,6
1349,32
1349,18
1349,9
1350,6
1350,32
1350,27
1350,18
1350,9
1351,6
1351,32
1351,18
1351,9
1352,6
1352,32
1352,18
1352,9
1353,6
1353,32
1353,18
1354,6
1354,32
1354,27
1354,18
1354,9
1355,6
1355,32
1355,27
1355,18
1355,9
1356,6
1356,32
1356,27
1356,18
1356,9
1357,22
1357,18
1357,9
1358,6
1358,32
1358,27
1358,18
1358,9
1359,22
1360,6
1360,32
1360,18
1360,9
1361,6
1361,32
1361,18
1361,9
1362,6
1362,32
1362,18
1363,6
1363,32
1363,18
1363,9
1364,22
1364,18
1364,9
1365,22
1365,18
1365,9
1366,22
1367,6
1367,32
1367,27
1367,18
1367,9
1368,6
1368,32
1368,8
1368,9
1369,22
1369,18
1369,9
1370,22
1370,18
1370,9
1371,6
1371,32
1371,27
1371,18
1371,9
1372,22
1372,27
1372,18
1372,9
1373,22
1373,27
1373,18
1373,9
1374,22
1375,22
1375,18
1376,22
1376,18
1376,9
1377,22
1378,22
1379,22
1380,22
1380,18
1380,9
1381,22
1381,18
1382,22
1382,18
1382,9
1383,22
1383,18
1383,9
1384,22
1384,18
1384,9
1385,22
1386,22
1387,22
1388,22
1388,18
1389,22
1389,18
1390,22
1391,22
1392,22
1393,22
1394,22
1394,18
1395,22
1395,18
1396,22
1396,18
1396,9
1397,22
1397,27
1397,18
1397,9
1398,22
1398,27
1398,18
1398,9
1399,22
1399,18
1400,22
1400,18
1401,22
1402,22
1402,27
1402,18
1402,9
1403,22
1403,27
1403,18
1403,9
1404,22
1405,22
1406,22
1407,22
1407,18
1407,9
1408,22
1408,18
1408,9
1409,22
1409,18
1409,9
1410,22
1410,18
1411,22
1411,18
1411,9
1412,22
1412,18
1412,9
1413,22
1413,18
1413,9
1414,22
1414,18
1414,9
1415,22
1415,18
1416,22
1416,18
1417,22
1417,18
1418,22
1418,18
1418,9
1419,5
1419,32
1419,27
1419,18
1419,9
1419,24
1420,5
1420,32
1420,27
1420,18
1420,9
1420,24
1421,5
1421,32
1421,27
1421,18
1421,9
1421,24
1422,5
1422,32
1422,27
1422,18
1422,9
1422,24
1423,5
1423,32
1423,27
1423,24
1424,5
1424,32
1424,27
1424,24
1425,6
1425,32
1425,27
1425,9
1425,24
1426,5
1426,32
1426,27
1426,18
1426,9
1426,24
1427,5
1427,32
1427,27
1427,18
1427,9
1427,24
1428,5
1428,32
1428,27
1428,18
1428,9
1428,24
1429,5
1429,32
1429,27
1429,18
1429,9
1429,24
1430,6
1430,32
1430,18
1430,27
1430,9
1430,24
1431,6
1431,32
1431,27
1431,9
1431,24
1432,5
1432,32
1432,27
1432,18
1432,9
1432,24
1433,5
1433,32
1433,27
1433,18
1433,9
1433,24
1434,5
1434,32
1434,27
1434,18
1434,9
1434,24
1435,5
1435,32
1435,27
1435,18
1435,9
1435,24
1436,6
1436,32
1436,27
1436,9
1436,24
1437,6
1437,32
1437,27
1437,9
1437,24
1438,5
1438,32
1438,27
1438,24
1439,5
1439,32
1439,27
1439,24
1440,5
1440,32
1440,27
1440,18
1440,9
1440,24
1441,5
1441,32
1441,27
1441,18
1441,9
1441,24
1442,5
1442,32
1442,27
1442,18
1442,9
1442,24
1443,5
1443,32
1443,27
1443,18
1443,9
1443,24
1444,6
1444,32
1444,27
1444,9
1444,24
1445,6
1445,32
1445,27
1445,9
1445,24
1446,6
1446,32
1446,18
1446,27
1446,9
1446,24
1447,5
1447,32
1447,27
1447,18
1447,24
1448,5
1448,32
1448,27
1448,18
1448,24
1449,5
1449,32
1449,27
1449,18
1449,9
1449,24
1450,5
1450,32
1450,27
1450,18
1450,9
1450,24
1451,5
1451,32
1451,27
1451,18
1451,9
1451,24
1452,6
1452,32
1452,27
1452,9
1452,24
1453,6
1453,32
1453,27
1453,9
1453,24
1454,6
1454,32
1454,27
1454,9
1454,24
1455,5
1455,32
1455,27
1455,18
1455,24
1456,5
1456,32
1456,27
1456,18
1456,24
1457,5
1457,32
1457,27
1457,18
1457,9
1457,24
1458,5
1458,32
1458,27
1458,18
1458,9
1458,24
1459,5
1459,32
1459,27
1459,18
1459,9
1459,24
1460,6
1460,32
1460,27
1460,9
1460,24
1461,5
1461,32
1461,27
1461,18
1461,9
1461,24
1462,6
1462,32
1462,27
1462,18
1462,9
1462,24
1463,6
1463,32
1463,27
1463,18
1463,9
1463,24
1464,6
1464,32
1464,27
1464,9
1464,24
1465,6
1465,32
1465,27
1465,9
1465,24
1466,6
1466,32
1466,27
1466,9
1466,24
1467,6
1467,32
1467,27
1467,18
1467,9
1467,24
1468,6
1468,32
1468,27
1468,18
1468,9
1468,24
1469,6
1469,32
1469,27
1469,9
1469,24
1470,6
1470,32
1470,27
1470,18
1470,9
1471,6
1471,32
1471,27
1471,18
1471,9
1471,24
1472,6
1472,32
1472,27
1472,18
1472,9
1472,24
1473,6
1473,32
1473,27
1473,9
1473,24
1474,6
1474,32
1474,27
1474,9
1474,24
1475,6
1475,32
1475,27
1475,9
1476,6
1476,32
1476,27
1476,18
1476,9
1476,24
1477,6
1477,32
1477,27
1477,18
1477,9
1477,24
1478,22
1478,27
1478,9
1479,22
1479,27
1479,9
1480,6
1480,32
1480,27
1480,18
1480,9
1481,22
1481,27
1481,18
1481,9
1482,22
1482,27
1482,9
1483,22
1483,27
1483,9
1484,22
1484,27
1484,18
1484,9
1485,22
1485,27
1485,9
1486,22
1486,27
1486,18
1486,9
1487,22
1487,27
1487,9
1488,22
1488,27
1488,9
1489,22
1489,27
1489,18
1489,9
1490,22
1490,27
1490,18
1490,9
1491,22
1491,9
1492,6
1492,32
1492,27
1492,18
1492,9
1493,6
1493,32
1493,27
1493,18
1493,9
1494,6
1494,32
1494,27
1494,18
1494,9
1495,6
1495,32
1495,27
1495,18
1495,9
1496,6
1496,32
1496,27
1496,18
1496,9
1497,6
1497,32
1497,27
1497,18
1497,9
1498,6
1498,32
1498,27
1498,18
1498,9
1499,6
1499,32
1499,27
1499,18
1499,9
1500,6
1500,32
1500,27
1500,18
1500,9
1501,6
1501,32
1501,27
1501,18
1501,9
1502,6
1502,32
1502,27
1502,18
1502,9
1503,6
1503,32
1503,27
1503,18
1503,9
1504,6
1504,32
1504,27
1504,18
1504,9
1505,6
1505,32
1505,27
1505,18
1505,9
1506,6
1506,32
1506,27
1506,18
1506,9
1507,6
1507,32
1507,27
1507,18
1507,9
1508,6
1508,32
1508,27
1508,18
1508,9
1509,6
1509,32
1509,27
1509,18
1509,9
1510,6
1510,32
1510,27
1510,18
1510,9
1511,6
1511,32
1511,27
1511,18
1511,9
1512,6
1512,32
1512,27
1512,18
1513,6
1513,32
1513,27
1513,18
1514,6
1514,32
1514,27
1514,18
1514,9
1515,6
1515,32
1515,18
1515,9
1516,22
1516,18
1516,9
1517,6
1517,32
1517,27
1517,18
1517,9
1518,22
1518,27
1518,18
1518,9
1519,6
1519,32
1519,18
1519,9
1519,15
1519,12
1520,6
1520,32
1520,27
1520,18
1520,9
1521,6
1521,32
1521,27
1521,18
1521,9
1522,6
1522,32
1522,27
1522,18
1522,9
1523,6
1523,32
1523,18
1523,9
1524,6
1524,32
1524,27
1524,18
1524,9
1525,6
1525,32
1525,27
1525,18
1525,9
1526,6
1526,32
1526,27
1526,18
1526,9
1526,21
1527,6
1527,32
1527,27
1527,18
1527,9
1528,6
1528,32
1528,27
1528,18
1528,9
1529,6
1529,32
1529,27
1529,18
1529,9
1530,6
1530,32
1530,27
1530,18
1530,9
1531,6
1531,32
1531,27
1531,18
1531,9
1532,6
1532,32
1532,27
1532,18
1532,9
1533,6
1533,32
1533,27
1533,18
1533,9
1534,6
1534,32
1534,27
1534,18
1534,9
1535,6
1535,32
1535,27
1535,18
1535,9
1536,22
1536,27
1536,18
1536,9
1537,22
1537,18
1537,9
1538,22
1538,18
1538,9
1539,6
1539,32
1539,27
1539,18
1539,9
1540,22
1540,27
1540,18
1540,9
1541,6
1541,32
1541,27
1541,18
1541,9
1541,24
1542,6
1542,32
1542,27
1542,18
1542,9
1543,22
1543,18
1543,9
1544,22
1544,27
1544,18
1544,9
1545,6
1545,32
1545,27
1545,18
1545,9
1546,6
1546,32
1546,27
1546,18
1546,9
1547,22
1547,27
1547,18
1547,9
1548,6
1548,32
1548,18
1548,9
1549,6
1549,32
1549,27
1549,18
1549,9
1550,6
1550,32
1550,27
1550,18
1550,9
1551,6
1551,32
1551,27
1551,18
1551,9
1552,6
1552,32
1552,27
1552,18
1552,9
1553,6
1553,32
1553,27
1553,18
1553,9
1554,22
1554,18
1554,9
1555,22
1555,18
1555,9
1556,22
1556,18
1556,9
1557,22
1557,18
1558,22
1558,18
1559,22
1559,18
1559,9
1560,22
1560,18
1561,22
1561,27
1561,18
1561,9
1562,22
1562,27
1562,18
1562,9
1563,22
1563,18
1563,9
1564,22
1564,18
1564,9
1565,22
1565,27
1565,18
1565,9
1566,22
1566,27
1566,18
1566,9
1567,22
1567,27
1567,18
1567,9
1568,22
1568,27
1568,18
1568,9
1569,22
1569,9
1570,22
1570,18
1570,9
1571,22
1571,18
1571,9
1572,22
1572,18
1572,9
1573,22
1573,27
1573,18
1573,9
1574,22
1574,18
1574,9
1575,22
1576,22
1576,27
1576,18
1576,9
1577,22
1577,18
1577,9
1578,22
1578,18
1578,9
1579,22
1579,27
1579,18
1579,9
1580,22
1580,18
1580,9
1581,22
1581,18
1582,22
1583,22
1583,27
1583,18
1583,9
1584,22
1584,18
1584,9
1585,22
1585,18
1585,9
1586,22
1586,18
1587,22
1587,27
1587,9
1588,22
1588,18
1588,9
1589,22
1589,18
1589,9
1590,22
1590,27
1590,9
1591,22
1591,18
1591,9
1592,22
1592,18
1592,9
1593,22
1593,18
1593,9
1594,22
1594,27
1594,9
1595,22
1595,18
1596,22
1596,27
1596,18
1596,9
1597,22
1597,27
1597,18
1597,9
1598,22
1598,27
1598,18
1598,9
1599,22
1599,27
1599,18
1599,9
1600,22
1600,27
1600,18
1600,9
1601,22
1601,18
1601,9
1602,22
1602,18
1602,9
1603,22
1603,18
1604,22
1604,18
1604,9
1605,22
1605,18
1606,22
1606,18
1606,9
1607,22
1607,27
1607,18
1607,9
1608,22
1608,18
1608,9
1609,22
1609,27
1609,18
1609,9
1610,22
1610,18
1610,9
1611,22
1611,27
1611,18
1611,9
1612,22
1612,27
1612,18
1612,9
1613,22
1613,27
1613,18
1613,9
1614,22
1614,27
1614,9
1615,22
1615,27
1615,9
1616,22
1616,27
1616,18
1616,9
1617,6
1617,32
1617,27
1617,18
1617,9
1618,6
1618,32
1618,18
1618,9
1619,6
1619,32
1620,6
1620,32
1621,6
1621,32
1622,22
1623,6
1623,33
1624,6
1624,32
1625,22
1626,22
1627,22
1628,6
1628,32
1628,27
1628,18
1628,9
1629,22
1630,6
1630,32
1630,18
1630,9
1631,6
1631,18
1631,27
1632,6
1632,32
1633,6
1633,32
1633,27
1633,18
1633,9
1634,22
1635,6
1635,32
1635,18
1636,22
1637,22
1638,6
1638,32
1638,27
1638,18
1638,9
1639,22
1639,18
1640,22
1641,22
1642,22
1643,6
1643,32
1643,27
1643,18
1643,9
1644,6
1644,32
1644,18
1645,6
1645,32
1646,6
1646,32
1646,18
1647,6
1647,32
1647,18
1648,22
1649,6
1649,32
1649,18
1650,22
1651,22
1652,22
1653,6
1653,32
1653,18
1654,6
1654,32
1655,6
1655,32
1655,18
1656,6
1656,32
1657,22
1658,6
1658,32
1658,18
1659,6
1659,32
1659,18
1660,6
1660,32
1660,18
1661,6
1661,32
1661,27
1661,18
1661,9
1662,22
1663,6
1663,32
1663,18
1664,6
1664,32
1664,18
1665,22
1666,6
1666,32
1666,18
1667,22
1668,22
1669,6
1669,32
1669,18
1670,6
1670,32
1670,18
1671,6
1671,32
1671,18
1672,22
1673,22
1674,6
1674,32
1674,18
1675,22
1676,6
1676,32
1676,27
1676,18
1676,9
1677,22
1677,18
1678,22
1678,18
1679,6
1679,32
1679,27
1679,18
1679,9
1680,22
1681,22
1681,18
1682,6
1682,32
1682,18
1683,6
1683,32
1683,18
1684,6
1684,32
1684,18
1684,9
1685,22
1685,18
1686,22
1687,6
1687,32
1687,27
1687,18
1687,9
1688,17
1688,19
1688,32
1688,27
1688,18
1688,9
1689,22
1689,18
1690,22
1691,22
1691,18
1692,22
1692,18
1693,6
1693,32
1693,18
1694,6
1694,32
1694,18
1694,9
1695,6
1695,32
1695,18
1696,6
1696,32
1696,18
1696,9
1697,6
1697,32
1697,18
1698,22
1699,6
1699,32
1699,18
1699,9
1700,6
1700,32
1700,27
1700,18
1700,9
1701,6
1701,32
1701,18
1702,6
1702,32
1702,18
1703,6
1703,32
1703,18
1704,6
1704,32
1704,27
1704,18
1704,9
1705,6
1705,32
1705,27
1705,18
1706,22
1706,18
1707,22
1707,27
1707,18
1707,9
1708,6
1708,32
1708,27
1708,18
1708,9
1709,22
1709,18
1710,22
1710,27
1710,18
1711,22
1711,18
1712,22
1712,27
1712,18
1713,22
1713,27
1713,18
1713,9
1714,22
1714,18
1715,22
1715,27
1715,18
1715,9
1716,22
1716,18
1717,22
1717,18
1718,22
1718,18
1719,22
1719,18
1720,22
1720,18
1721,22
1721,27
1721,18
1722,22
1722,27
1722,18
1722,9
1723,22
1723,27
1723,18
1724,22
1724,27
1724,18
1725,22
1725,27
1725,18
1726,22
1726,27
1727,22
1727,27
1727,18
1728,22
1728,27
1728,18
1729,22
1729,27
1729,18
1730,22
1730,27
1731,22
1731,18
1731,9
1732,22
1732,27
1732,18
1732,9
1733,22
1733,27
1733,18
1733,9
1734,22
1734,27
1734,18
1734,9
1735,22
1735,18
1735,9
1736,22
1736,27
1736,18
1736,9
1737,22
1738,22
1738,18
1738,9
1739,22
1739,18
1740,22
1740,27
1740,18
1740,9
1741,22
1741,27
1741,18
1741,9
1742,22
1743,22
1743,27
1743,18
1743,9
1744,22
1744,27
1744,9
1745,22
1745,27
1745,18
1745,9
1746,22
1746,27
1746,18
1746,9
1747,22
1747,27
1747,18
1747,9
1748,22
1748,27
1748,18
1748,9
1749,22
1749,27
1749,18
1749,9
1750,22
1750,27
1750,18
1750,9
1751,22
1751,27
1751,18
1751,9
1752,22
1752,27
1752,18
1752,9
1753,22
1753,27
1753,18
1753,9
1754,22
1754,27
1754,18
1754,9
1755,22
1755,27
1755,18
1755,9
1756,22
1756,27
1756,9
1757,22
1757,27
1757,18
1757,9
1758,22
1758,27
1758,18
1758,9
1759,22
1759,27
1759,18
1759,9
1760,22
1761,22
1761,27
1761,18
1761,9
1762,22
1762,27
1762,18
1762,9
1763,6
1763,32
1763,18
1764,6
1764,32
1764,27
1764,18
1764,9
1765,22
1765,27
1765,18
1766,22
1766,27
1767,22
1767,27
1767,18
1768,22
1768,27
1768,18
1769,22
1769,9
1770,6
1770,32
1770,27
1770,18
1770,9
1771,6
1771,32
1771,18
1771,9
1772,6
1772,32
1772,18
1772,9
1773,6
1773,32
1773,27
1773,18
1773,9
1774,6
1774,32
1774,27
1774,18
1774,9
1775,6
1775,32
1775,18
1776,6
1776,32
1776,18
1776,9
1777,6
1777,32
1777,18
1777,9
1778,6
1778,32
1778,18
1778,9
1779,6
1779,32
1779,18
1779,9
1780,6
1780,32
1780,27
1780,18
1780,9
1781,6
1781,32
1781,18
1781,9
1782,6
1782,32
1782,18
1782,9
1783,6
1783,32
1783,27
1783,18
1784,17
1784,19
1784,32
1784,27
1784,18
1784,9
1785,6
1785,32
1785,18
1785,9
1786,6
1786,32
1786,18
1786,9
1787,6
1787,32
1787,27
1787,18
1787,9
1788,6
1788,32
1788,27
1788,18
1788,9
1789,6
1789,32
1789,27
1789,18
1789,9
1790,6
1790,32
1790,18
1790,9
1791,22
1791,18
1791,9
1792,6
1792,32
1792,27
1792,18
1792,9
1793,6
1793,32
1793,27
1793,18
1793,9
1794,6
1794,32
1794,27
1794,18
1794,9
1795,6
1795,32
1795,27
1795,18
1795,9
1796,6
1796,32
1796,27
1796,18
1796,9
1797,6
1797,32
1797,27
1797,18
1797,9
1798,6
1798,32
1798,27
1798,18
1798,9
1799,6
1799,32
1799,27
1799,18
1799,9
1800,22
1800,18
1801,6
1801,32
1801,27
1801,18
1801,9
1802,22
1802,18
1803,6
1803,32
1803,18
1803,9
1804,22
1804,18
1804,9
1805,22
1805,18
1805,9
1806,22
1806,18
1807,22
1807,27
1807,18
1807,9
1808,22
1808,18
1808,9
1809,22
1809,27
1809,18
1809,9
1810,6
1810,32
1810,27
1810,18
1810,9
1811,6
1811,32
1811,27
1811,18
1811,9
1812,22
1812,18
1812,9
1813,22
1813,18
1814,22
1814,18
1815,22
1816,22
1816,27
1816,18
1816,9
1817,22
1817,27
1817,18
1817,9
1818,22
1818,18
1818,9
1819,22
1819,18
1819,9
1820,20
1821,22
1821,27
1821,18
1821,9
1822,6
1822,32
1822,27
1822,18
1822,9
1823,6
1823,32
1823,27
1823,18
1823,9
1824,20
1825,22
1825,18
1826,6
1826,32
1826,27
1826,18
1826,9
1827,22
1827,18
1827,9
1828,22
1828,18
1829,6
1829,32
1829,27
1829,18
1829,9
1830,22
1830,27
1830,18
1830,9
1830,24
1831,22
1831,27
1831,18
1831,9
1832,22
1832,27
1832,18
1832,9
1833,22
1833,27
1833,18
1833,9
1834,22
1834,18
1834,9
1835,22
1835,18
1835,9
1836,22
1836,18
1836,9
1837,22
1837,18
1838,22
1838,18
1838,9
1839,22
1840,22
1840,18
1841,22
1841,18
1842,22
1842,27
1842,9
1843,22
1843,18
1843,9
1844,22
1844,27
1844,18
1844,9
1845,22
1845,27
1845,18
1845,9
1846,22
1846,18
1847,22
1847,18
1847,9
1848,22
1848,18
1848,9
1849,22
1849,18
1849,9
1850,22
1850,27
1850,18
1850,9
1850,24
1851,22
1851,18
1852,22
1852,27
1852,18
1852,9
1852,24
1853,22
1853,27
1853,18
1853,9
1853,24
1854,22
1854,27
1854,18
1854,9
1854,24
1855,22
1855,18
1855,9
1856,22
1856,27
1856,18
1856,9
1856,24
1857,22
1858,22
1858,27
1858,18
1858,9
1858,24
1859,22
1859,18
1859,9
1860,22
1860,18
1861,22
1862,22
1862,27
1862,18
1862,9
1862,24
1863,22
1863,27
1863,18
1863,9
1863,24
1864,22
1865,22
1866,22
1866,18
1866,9
1867,22
1867,18
1867,9
1868,22
1868,18
1869,22
1869,18
1869,9
1870,22
1870,18
1870,9
1871,22
1871,18
1871,9
1872,22
1872,18
1873,22
1873,18
1873,9
1874,6
1874,32
1874,27
1874,18
1874,9
1875,22
1875,18
1876,22
1876,18
1877,22
1877,18
1878,22
1878,27
1878,18
1878,9
1879,22
1879,18
1879,9
1880,22
1880,27
1880,18
1880,9
1881,22
1881,18
1882,22
1882,18
1883,22
1883,27
1883,18
1883,9
1884,22
1884,27
1884,18
1884,9
1885,22
1885,27
1885,18
1885,9
1886,22
1886,18
1887,22
1887,18
1888,22
1888,27
1888,18
1888,9
1889,22
1889,27
1889,18
1889,9
1890,22
1890,18
1890,9
1891,22
1891,18
1891,9
1892,22
1892,18
1893,22
1893,18
1893,9
1894,22
1894,27
1894,18
1894,9
1895,22
1895,18
1895,9
1896,22
1896,18
1896,9
1897,22
1897,18
1898,22
1898,18
1899,22
1899,18
1900,22
1900,18
1901,22
1901,18
1902,22
1902,18
1903,22
1903,18
1904,22
1904,18
1905,22
1905,27
1905,18
1905,9
1906,22
1906,27
1906,18
1906,9
1907,22
1907,27
1907,18
1907,9
1908,22
1908,27
1908,18
1908,9
1909,22
1909,27
1909,18
1909,9
1910,22
1910,27
1910,18
1910,9
1911,22
1911,27
1911,18
1911,9
1912,22
1912,27
1912,18
1912,9
1913,22
1913,27
1913,18
1913,9
1914,22
1914,18
1915,22
1915,27
1915,18
1915,9
1916,22
1916,27
1916,18
1916,9
1917,22
1917,27
1917,18
1917,9
1918,22
1918,18
1918,9
1919,22
1919,18
1919,9
1920,22
1920,27
1920,18
1921,22
1921,18
1921,9
1922,22
1922,18
1922,9
1923,22
1923,27
1923,18
1923,9
1924,22
1924,9
1925,22
1925,18
1926,22
1926,18
1927,22
1927,18
1928,22
1928,18
1928,9
1929,22
1929,27
1929,18
1929,9
1930,22
1930,27
1930,18
1930,9
1931,22
1931,27
1931,18
1931,9
1932,22
1932,27
1932,18
1932,9
1933,22
1933,18
1933,9
1934,22
1934,18
1934,9
1935,22
1935,18
1935,9
1936,6
1936,32
1936,18
1936,9
1937,6
1937,32
1937,27
1937,9
1937,21
1938,6
1938,32
1938,27
1938,9
1938,21
1939,6
1939,32
1939,27
1939,9
1939,21
1940,6
1940,32
1940,27
1940,9
1940,21
1941,6
1941,32
1941,18
1941,9
1942,6
1942,32
1942,27
1942,18
1942,9
1943,5
1943,19
1943,32
1943,27
1943,18
1943,24
1943,9
1943,21
1944,5
1944,19
1944,32
1944,27
1944,18
1944,24
1944,9
1944,21
1945,5
1945,19
1945,32
1945,27
1945,18
1945,24
1945,9
1945,21
1946,22
1946,27
1946,9
1946,18
1947,6
1947,32
1947,18
1947,27
1947,9
1948,6
1948,32
1948,18
1948,9
1949,6
1949,32
1949,27
1949,18
1949,9
1950,6
1950,32
1950,27
1950,9
1950,21
1951,6
1951,32
1951,27
1951,18
1951,9
1951,24
1951,1
1951,21
1952,6
1952,32
1952,27
1952,18
1952,9
1952,21
1953,6
1953,32
1953,27
1953,18
1953,9
1953,21
1954,6
1954,32
1954,27
1954,18
1954,9
1954,21
1955,6
1955,32
1955,18
1955,9
1956,6
1956,32
1956,18
1956,9
1957,6
1957,27
1957,32
1957,18
1957,9
1957,24
1957,21
1958,6
1958,32
1958,18
1958,9
1959,6
1959,32
1959,27
1959,9
1959,18
1960,5
1960,19
1960,32
1960,27
1960,18
1960,24
1960,9
1960,21
1961,5
1961,19
1961,32
1961,27
1961,18
1961,24
1961,9
1961,21
1962,6
1962,32
1962,27
1962,18
1962,24
1962,9
1962,21
1963,6
1963,32
1963,27
1963,18
1963,24
1963,9
1963,21
1964,22
1964,27
1964,18
1964,9
1965,6
1965,32
1965,27
1965,9
1966,6
1966,32
1966,27
1966,9
1967,22
1967,18
1967,9
1968,6
1968,32
1968,27
1968,18
1968,9
1968,24
1968,21
1969,22
1969,18
1970,6
1970,32
1970,27
1970,9
1971,6
1971,32
1971,27
1971,18
1971,9
1971,21
1972,6
1972,32
1972,27
1972,9
1973,6
1973,32
1973,27
1973,18
1973,9
1973,24
1973,21
1974,6
1974,32
1974,18
1974,9
1975,6
1975,32
1975,18
1976,6
1976,32
1976,18
1977,6
1977,32
1977,27
1977,18
1977,9
1978,6
1978,32
1978,27
1978,18
1978,9
1979,6
1979,32
1979,27
1979,18
1979,9
1980,6
1980,32
1980,27
1980,18
1980,9
1980,24
1980,21
1981,6
1981,32
1981,27
1981,18
1981,9
1981,21
1982,6
1982,32
1982,9
1983,5
1983,19
1983,32
1983,27
1983,18
1983,24
1983,9
1983,21
1984,6
1984,32
1984,27
1984,18
1984,9
1984,21
1985,6
1985,32
1985,27
1985,18
1985,9
1985,24
1985,21
1986,22
1986,27
1986,18
1986,9
1987,22
1987,27
1987,18
1987,9
1988,22
1989,6
1989,32
1989,27
1989,18
1989,9
1989,21
1990,26
1990,19
1990,32
1990,27
1990,18
1990,9
1990,21
1991,6
1991,32
1991,27
1991,18
1991,9
1991,24
1991,21
1992,6
1992,32
1992,27
1992,18
1992,9
1993,6
1993,32
1993,27
1993,18
1993,9
1994,6
1994,32
1994,18
1994,9
1995,6
1995,32
1995,27
1995,18
1995,9
1996,5
1996,19
1996,32
1996,27
1996,18
1996,24
1996,9
1996,2
1996,21
1997,5
1997,19
1997,32
1997,27
1997,18
1997,24
1997,9
1997,21
1998,5
1998,19
1998,32
1998,27
1998,18
1998,24
1998,9
1998,21
1999,6
1999,32
1999,27
1999,18
1999,9
1999,21
2000,5
2000,19
2000,32
2000,27
2000,18
2000,24
2000,9
2000,21
2001,6
2001,32
2001,18
2001,9
2002,6
2002,32
2002,18
2003,6
2003,32
2003,18
2003,9
2004,22
2004,18
2004,9
2005,22
2005,18
2006,22
2006,18
2007,22
2008,22
2008,18
2008,9
2009,22
2009,27
2009,18
2010,22
2010,18
2010,9
2011,22
2011,18
2011,9
2012,22
2013,22
2013,18
2013,9
2014,22
2014,18
2015,22
2015,18
2015,9
2016,22
2016,18
2016,9
2017,22
2017,18
2017,9
2018,22
2018,18
2018,9
2019,22
2019,18
2020,22
2020,18
2021,22
2021,18
2022,22
2022,18
2022,9
2023,22
2023,18
2023,9
2024,22
2024,18
2024,9
2025,22
2025,18
2025,9
2026,22
2026,18
2026,9
2027,22
2027,18
2027,9
2028,22
2028,18
2028,9
2029,22
2029,18
2029,9
2030,6
2030,32
2030,18
2031,6
2031,32
2031,27
2031,18
2031,9
2032,6
2032,32
2032,27
2032,18
2032,9
2033,6
2033,32
2033,27
2033,18
2033,24
2033,9
2033,21
2034,6
2034,32
2034,27
2034,18
2034,24
2034,9
2034,21
2035,6
2035,32
2035,18
2035,9
2036,6
2036,32
2036,27
2036,18
2036,24
2036,9
2036,21
2037,6
2037,32
2037,27
2037,18
2037,24
2037,9
2037,21
2038,6
2038,32
2038,18
2038,9
2039,6
2039,32
2039,27
2039,18
2039,24
2039,9
2039,21
2040,6
2040,32
2040,18
2040,9
2041,6
2041,32
2041,27
2041,18
2041,24
2041,9
2041,21
2042,6
2042,32
2042,27
2042,18
2042,24
2042,9
2042,21
2043,6
2043,32
2043,18
2043,9
2044,6
2044,32
2044,27
2044,18
2044,24
2044,9
2044,21
2045,6
2045,32
2045,27
2045,18
2045,24
2045,9
2045,21
2046,6
2046,32
2046,27
2046,18
2046,24
2046,9
2046,21
2047,6
2047,32
2047,18
2047,9
2048,6
2048,32
2048,18
2048,9
2049,6
2049,32
2049,27
2049,18
2049,24
2049,9
2049,21
2050,6
2050,32
2050,27
2050,18
2050,24
2050,9
2050,21
2051,6
2051,32
2051,18
2051,9
2052,6
2052,32
2052,18
2052,9
2053,6
2053,32
2053,18
2053,9
2054,6
2054,32
2054,18
2054,9
2055,6
2055,32
2055,27
2055,18
2055,24
2055,9
2055,21
2056,6
2056,32
2056,27
2056,18
2056,24
2056,9
2056,21
2057,6
2057,32
2057,27
2057,18
2057,24
2057,9
2057,21
2058,6
2058,32
2058,27
2058,18
2058,24
2058,9
2058,21
2059,6
2059,32
2059,18
2059,9
2060,6
2060,32
2060,18
2060,9
2061,6
2061,32
2061,18
2061,9
2062,22
2062,18
2063,6
2063,32
2063,27
2063,18
2063,24
2063,9
2063,21
2064,6
2064,32
2064,18
2064,9
2065,6
2065,32
2065,27
2065,18
2065,24
2065,9
2065,21
2066,22
2066,18
2066,9
2067,6
2067,32
2067,27
2067,18
2067,24
2067,9
2067,21
2068,6
2068,32
2068,27
2068,18
2068,24
2068,9
2068,21
2069,22
2069,18
2069,9
2070,22
2070,18
2070,9
2071,6
2071,32
2071,27
2071,18
2071,24
2071,9
2071,21
2072,6
2072,32
2072,27
2072,18
2072,24
2072,9
2072,21
2073,22
2073,18
2073,9
2074,22
2074,18
2074,9
2075,6
2075,32
2075,27
2075,18
2075,24
2075,9
2076,6
2076,32
2076,27
2076,18
2076,24
2076,9
2077,22
2077,18
2077,9
2078,22
2078,18
2078,9
2079,6
2079,32
2079,27
2079,18
2079,9
2079,24
2080,6
2080,32
2080,27
2080,18
2080,9
2080,24
2081,6
2081,32
2081,27
2081,18
2081,9
2081,24
2082,6
2082,32
2082,27
2082,18
2082,9
2082,24
2083,6
2083,32
2083,27
2083,18
2083,9
2083,24
2084,22
2084,18
2084,9
2085,22
2085,18
2085,9
2086,22
2086,18
2086,9
2087,22
2087,18
2087,9
2088,22
2088,27
2088,18
2088,9
2088,24
2089,22
2089,27
2089,18
2089,9
2089,24
2090,22
2090,18
2090,9
2091,22
2091,18
2091,9
2092,22
2092,18
2092,9
2093,22
2093,18
2093,9
2094,22
2094,27
2094,9
2095,22
2095,18
2096,22
2096,18
2097,22
2097,18
2098,22
2098,18
2099,22
2099,18
2099,9
2100,22
2100,18
2100,9
2101,22
2101,27
2101,9
2101,24
2102,22
2102,27
2102,18
2102,9
2102,24
2103,22
2103,27
2103,18
2103,9
2103,24
2104,22
2104,27
2104,18
2104,9
2104,24
2105,22
2105,18
2105,9
2106,22
2106,27
2106,18
2106,9
2106,24
2107,22
2107,18
2107,9
2108,22
2108,18
2108,9
2109,22
2109,27
2109,18
2109,9
2109,24
2110,22
2110,27
2110,18
2110,9
2111,22
2111,18
2111,9
2112,22
2112,18
2112,9
2113,22
2113,27
2113,9
2114,22
2114,27
2114,18
2114,9
2114,24
2115,22
2115,18
2115,9
2116,22
2116,18
2116,9
2117,22
2117,27
2117,18
2117,9
2118,22
2118,27
2118,18
2118,9
2119,22
2119,27
2119,18
2119,9
2120,22
2120,27
2120,18
2120,9
2121,22
2121,27
2121,18
2121,9
2122,22
2122,27
2122,18
2122,9
2123,22
2123,18
2123,9
2124,22
2124,18
2124,9
2125,22
2125,27
2125,18
2125,9
2126,22
2126,18
2126,9
2127,22
2127,27
2127,18
2127,9
2128,22
2128,27
2128,9
2129,22
2129,27
2129,18
2129,9
2130,22
2130,27
2130,18
2130,9
2130,24
2131,22
2131,18
2132,22
2132,18
2133,22
2133,27
2133,18
2133,9
2134,22
2134,27
2134,9
2135,22
2135,27
2135,18
2135,9
2136,22
2136,18
2136,9
2137,22
2137,27
2137,18
2137,9
2138,22
2138,27
2138,18
2138,9
2139,22
2139,27
2139,18
2139,9
2140,22
2140,18
2140,9
2141,22
2141,27
2141,18
2141,9
2142,22
2142,27
2142,18
2142,9
2143,22
2143,27
2143,18
2143,9
2144,22
2144,27
2144,18
2144,9
2145,22
2145,27
2145,18
2145,9
2146,22
2146,18
2146,9
2147,22
2147,18
2147,9
2148,22
2148,18
2148,9
2149,22
2149,27
2149,18
2149,9
2150,22
2150,27
2150,18
2150,9
2151,22
2151,27
2151,18
2151,9
2152,22
2152,27
2152,18
2152,9
2153,22
2153,27
2153,9
2154,22
2154,27
2154,9
2155,6
2155,32
2155,27
2155,18
2155,9
2156,6
2156,32
2156,27
2156,18
2156,9
2157,6
2157,32
2157,27
2157,9
2158,6
2158,32
2158,27
2158,18
2158,9
2159,6
2159,32
2159,27
2159,9
2160,6
2160,32
2160,27
2160,18
2160,9
2161,6
2161,32
2161,27
2161,9
2162,6
2162,32
2162,9
2163,6
2163,32
2163,18
2163,27
2163,9
2163,21
2164,6
2164,32
2164,18
2164,27
2164,9
2164,21
2165,6
2165,32
2165,18
2165,27
2165,9
2166,6
2166,32
2166,27
2166,18
2166,9
2167,6
2167,32
2167,9
2168,6
2168,32
2168,18
2168,27
2168,9
2168,24
2168,21
2169,6
2169,32
2169,18
2169,27
2169,9
2169,24
2169,21
2170,6
2170,32
2170,27
2170,18
2170,9
2170,21
2171,6
2171,32
2171,27
2171,18
2171,9
2171,21
2172,6
2172,32
2172,27
2172,18
2172,9
2173,6
2173,32
2173,27
2173,18
2173,9
2173,21
2174,6
2174,32
2174,27
2174,18
2174,9
2174,21
2174,24
2175,6
2175,32
2175,9
2176,6
2176,32
2176,27
2176,18
2176,9
2177,6
2177,32
2177,9
2178,6
2178,32
2178,14
2178,27
2178,9
2178,21
2179,6
2179,32
2179,27
2179,18
2179,9
2179,21
2180,6
2180,32
2180,27
2180,18
2180,9
2181,6
2181,32
2181,27
2181,18
2181,9
2182,6
2182,32
2182,27
2182,18
2182,9
2183,6
2183,32
2184,22
2185,6
2185,32
2185,27
2185,18
2185,9
2186,6
2186,32
2186,18
2186,27
2186,9
2186,24
2186,21
2187,6
2187,32
2187,27
2187,18
2187,9
2188,6
2188,32
2188,27
2188,18
2188,9
2189,6
2189,32
2190,6
2190,32
2190,27
2190,18
2190,9
2191,6
2191,32
2191,27
2191,18
2191,9
2191,21
2192,6
2192,32
2192,27
2192,18
2192,9
2192,21
2193,6
2193,32
2193,27
2193,18
2193,9
2193,21
2194,6
2194,32
2195,6
2195,32
2195,27
2195,18
2195,9
2196,6
2196,32
2196,18
2196,27
2196,9
2197,6
2197,32
2197,27
2197,18
2197,9
2198,6
2198,32
2198,27
2198,18
2198,9
2199,6
2199,32
2199,27
2199,18
2199,9
2199,21
2200,6
2200,32
2200,18
2200,9
2201,6
2201,32
2202,6
2202,32
2202,27
2202,18
2202,9
2202,21
2203,6
2203,32
2203,18
2203,9
2204,6
2204,32
2204,18
2204,9
2205,22
2206,6
2206,32
2206,27
2206,9
2207,6
2207,32
2207,18
2207,9
2208,6
2208,32
2208,27
2208,18
2208,9
2208,24
2209,6
2209,32
2209,27
2209,9
2210,6
2210,32
2210,27
2210,18
2210,9
2210,21
2211,6
2211,32
2211,27
2211,18
2211,9
2211,21
2211,24
2212,6
2212,32
2212,27
2212,9
2212,21
2213,6
2213,32
2213,27
2213,18
2213,9
2213,21
2214,6
2214,32
2214,27
2214,18
2214,9
2214,21
2215,6
2215,32
2215,27
2215,18
2215,9
2216,6
2216,32
2216,27
2216,9
2216,21
2217,6
2217,32
2217,18
2217,27
2217,9
2217,21
2218,6
2218,32
2218,27
2218,18
2218,9
2219,6
2219,32
2219,18
2219,9
2220,6
2220,32
2220,18
2220,27
2220,9
2221,6
2221,32
2221,27
2221,9
2221,21
2222,6
2222,32
2222,27
2222,18
2222,9
2222,21
2223,6
2223,32
2223,18
2224,6
2224,32
2224,27
2224,18
2224,9
2224,24
2225,6
2225,32
2225,27
2225,18
2225,9
2225,24
2226,6
2226,32
2226,27
2226,18
2226,9
2226,24
2227,6
2227,32
2227,18
2228,6
2228,32
2228,27
2228,9
2229,6
2229,32
2229,18
2229,9
2230,6
2230,32
2230,27
2230,18
2230,9
2230,21
2231,6
2231,32
2231,27
2231,18
2231,9
2231,21
2232,6
2232,32
2232,27
2232,18
2232,9
2232,21
2233,6
2233,32
2233,27
2233,9
2233,24
2233,21
2234,6
2234,32
2234,27
2234,9
2234,21
2235,6
2235,32
2235,18
2236,6
2236,32
2236,18
2237,6
2237,32
2237,27
2237,18
2237,9
2238,6
2238,32
2238,27
2238,18
2238,9
2239,6
2239,32
2239,18
2239,9
2240,6
2240,32
2240,27
2240,18
2240,9
2241,6
2241,32
2241,27
2241,9
2242,6
2242,32
2242,27
2242,9
2242,21
2243,6
2243,32
2243,18
2243,9
2244,6
2244,32
2244,27
2244,9
2245,6
2245,32
2245,27
2245,9
2246,6
2246,32
2246,27
2246,9
2247,6
2247,32
2247,27
2247,9
2248,6
2248,32
2248,27
2248,18
2248,9
2249,6
2249,32
2249,18
2249,9
2250,6
2250,32
2250,27
2250,9
2251,6
2251,32
2251,27
2251,9
2252,6
2252,32
2252,27
2252,9
2253,6
2253,32
2253,27
2253,18
2253,9
2253,24
2254,6
2254,32
2254,27
2254,18
2254,9
2254,24
2255,6
2255,32
2255,27
2255,18
2255,9
2256,6
2256,32
2256,27
2256,18
2256,9
2256,21
2257,22
2257,18
2257,9
2258,22
2258,18
2259,6
2259,32
2259,18
2260,6
2260,32
2260,18
2261,6
2261,32
2261,27
2261,9
2261,24
2262,6
2262,32
2262,27
2262,18
2262,9
2263,6
2263,32
2263,27
2263,9
2264,6
2264,32
2264,18
2264,9
2265,6
2265,32
2265,18
2265,9
2266,22
2266,27
2266,18
2266,9
2267,6
2267,32
2267,27
2267,18
2267,9
2267,21
2268,6
2268,32
2268,27
2268,18
2268,9
2269,6
2269,32
2269,27
2269,9
2269,21
2270,6
2270,32
2270,27
2270,18
2270,9
2271,6
2271,32
2271,27
2271,18
2271,9
2272,6
2272,32
2272,27
2272,9
2272,24
2272,21
2273,6
2273,32
2273,18
2273,9
2274,6
2274,32
2274,27
2274,18
2274,9
2274,21
2274,24
2275,6
2275,32
2275,27
2275,9
2275,21
2276,6
2276,32
2276,27
2276,18
2276,21
2276,9
2277,6
2277,32
2277,27
2277,9
2278,6
2278,32
2278,27
2278,18
2278,9
2278,24
2279,6
2279,32
2279,27
2279,18
2279,9
2279,24
2280,6
2280,32
2280,27
2280,18
2280,9
2281,6
2281,32
2281,27
2281,9
2281,21
2282,6
2282,32
2282,27
2282,18
2282,9
2282,24
2283,6
2283,32
2283,27
2283,9
2284,6
2284,32
2284,27
2284,18
2284,9
2285,6
2285,32
2285,27
2285,9
2286,6
2286,32
2286,27
2286,18
2286,9
2287,6
2287,32
2287,27
2287,18
2287,9
2288,6
2288,32
2288,27
2288,18
2288,9
2288,21
2288,24
2289,6
2289,32
2289,27
2289,18
2289,9
2289,21
2289,24
2290,6
2290,32
2290,27
2290,18
2290,9
2290,21
2291,6
2291,32
2291,27
2291,18
2291,9
2292,6
2292,32
2292,18
2292,9
2293,6
2293,32
2293,27
2293,18
2293,9
2294,6
2294,32
2294,27
2294,9
2295,6
2295,32
2295,18
2295,9
2296,6
2296,32
2296,27
2296,9
2297,6
2297,32
2297,27
2297,18
2297,9
2298,6
2298,32
2298,18
2298,9
2299,6
2299,32
2299,18
2299,9
2300,6
2300,32
2300,27
2300,18
2300,9
2301,6
2301,32
2301,27
2301,18
2301,9
2301,24
2302,6
2302,32
2302,27
2302,9
2303,22
2303,18
2304,22
2304,18
2304,9
2305,6
2305,32
2305,18
2306,6
2306,32
2306,27
2306,18
2306,9
2306,21
2306,24
2307,6
2307,32
2307,27
2307,18
2307,9
2308,6
2308,32
2308,27
2308,18
2308,9
2309,6
2309,32
2309,27
2309,18
2309,9
2310,22
2310,18
2311,6
2311,32
2311,18
2312,6
2312,32
2312,18
2313,6
2313,32
2313,18
2313,9
2314,6
2314,32
2314,27
2314,18
2314,9
2315,6
2315,32
2315,27
2315,18
2315,9
2316,6
2316,32
2316,27
2316,18
2316,9
2317,6
2317,32
2317,27
2317,18
2317,9
2318,6
2318,32
2318,27
2318,18
2318,9
2318,24
2319,6
2319,32
2319,27
2319,18
2319,9
2320,6
2320,32
2320,27
2320,18
2320,9
2321,6
2321,32
2321,27
2321,18
2321,9
2322,6
2322,32
2322,27
2322,9
2323,6
2323,32
2323,27
2323,9
2324,6
2324,32
2324,27
2324,9
2325,6
2325,32
2325,27
2325,18
2325,9
2325,24
2326,6
2326,32
2326,27
2326,9
2326,24
2327,6
2327,32
2327,27
2327,18
2327,9
2328,6
2328,32
2328,27
2328,18
2328,9
2329,6
2329,32
2329,27
2329,18
2329,9
2330,6
2330,32
2330,27
2330,18
2330,9
2331,6
2331,32
2331,27
2331,18
2331,9
2332,6
2332,32
2332,27
2332,9
2332,24
2333,6
2333,32
2333,27
2333,9
2333,24
2334,22
2334,18
2334,9
2335,22
2335,18
2335,9
2336,6
2336,32
2336,27
2336,18
2336,9
2337,6
2337,32
2337,27
2337,18
2337,9
2338,6
2338,32
2338,27
2338,18
2338,9
2339,6
2339,32
2339,27
2339,18
2339,9
2340,6
2340,32
2340,27
2340,18
2340,9
2341,6
2341,32
2341,27
2341,9
2342,6
2342,32
2342,18
2342,9
2343,22
2343,18
2343,9
2344,6
2344,32
2344,27
2344,9
2344,24
2345,6
2345,32
2345,27
2345,18
2345,9
2346,6
2346,32
2346,27
2346,18
2346,9
2347,6
2347,32
2347,27
2347,18
2347,9
2348,6
2348,32
2348,27
2348,18
2348,9
2349,6
2349,32
2349,27
2349,18
2349,9
2350,6
2350,32
2350,27
2350,18
2350,9
2351,6
2351,32
2351,27
2351,18
2351,9
2352,22
2352,18
2352,9
2353,6
2353,32
2353,27
2353,18
2353,9
2354,6
2354,32
2354,27
2354,18
2354,9
2355,6
2355,32
2355,27
2355,18
2355,9
2356,6
2356,32
2356,27
2356,18
2356,9
2357,6
2357,32
2357,27
2357,18
2357,9
2358,6
2358,32
2358,27
2358,18
2358,9
2359,6
2359,32
2359,27
2359,18
2359,9
2360,6
2360,32
2360,27
2360,18
2360,9
2361,6
2361,32
2361,27
2361,18
2361,9
2362,6
2362,32
2362,18
2362,9
2363,6
2363,32
2363,27
2363,18
2363,9
2364,6
2364,32
2364,27
2364,9
2365,6
2365,32
2365,27
2365,18
2365,9
2366,6
2366,32
2366,27
2366,9
2367,6
2367,32
2367,27
2367,9
2368,22
2368,18
2369,6
2369,32
2369,27
2369,18
2369,9
2370,6
2370,32
2370,27
2370,18
2370,9
2371,6
2371,32
2371,27
2371,18
2371,9
2372,6
2372,32
2372,27
2372,9
2373,6
2373,32
2373,27
2373,18
2373,9
2374,26
2374,19
2374,32
2374,27
2374,18
2374,24
2374,9
2375,6
2375,32
2375,27
2375,18
2375,9
2376,26
2376,19
2376,32
2376,27
2376,18
2376,9
2377,6
2377,32
2377,27
2377,18
2377,9
2378,6
2378,32
2378,27
2378,18
2378,9
2379,6
2379,32
2379,27
2379,18
2379,9
2380,22
2380,27
2380,18
2380,9
2381,22
2381,27
2381,18
2381,9
2382,6
2382,32
2382,18
2382,9
2383,22
2383,18
2383,9
2384,5
2384,19
2384,32
2384,27
2384,18
2384,24
2384,9
2385,26
2385,19
2385,32
2385,27
2385,18
2385,24
2385,9
2386,6
2386,32
2386,27
2386,18
2386,9
2387,6
2387,32
2387,27
2387,18
2387,9
2388,6
2388,32
2388,27
2388,9
2389,6
2389,32
2389,27
2389,18
2389,9
2390,6
2390,32
2390,27
2390,18
2390,9
2391,6
2391,32
2391,27
2391,18
2391,9
2392,6
2392,32
2392,27
2392,18
2392,9
2393,6
2393,32
2393,27
2393,18
2393,9
2394,22
2394,18
2395,6
2395,32
2395,27
2395,18
2395,9
2396,22
2396,27
2396,18
2396,9
2397,6
2397,32
2397,27
2397,18
2397,9
2397,24
2398,6
2398,32
2398,27
2398,9
2398,24
2399,6
2399,32
2399,27
2399,18
2400,6
2400,32
2400,27
2400,18
2400,9
2401,6
2401,32
2401,27
2401,18
2401,9
2402,6
2402,32
2402,27
2402,18
2402,9
2402,24
2403,6
2403,32
2403,27
2403,18
2403,9
2404,6
2404,32
2404,27
2404,18
2404,9
2405,6
2405,32
2405,27
2405,18
2405,9
2406,22
2406,27
2406,18
2407,6
2407,32
2407,27
2407,18
2407,9
2407,24
2408,6
2408,32
2408,27
2408,18
2408,9
2408,24
2409,6
2409,32
2409,27
2409,18
2409,9
2409,24
2410,6
2410,32
2410,27
2410,18
2410,9
2410,24
2411,6
2411,32
2411,27
2411,18
2411,9
2412,6
2412,32
2412,27
2412,18
2412,9
2413,22
2413,27
2413,18
2413,9
2414,6
2414,32
2414,27
2414,18
2414,9
2415,6
2415,32
2415,27
2415,18
2415,9
2416,6
2416,32
2416,27
2416,18
2416,9
2416,24
2417,6
2417,32
2417,27
2417,18
2417,9
2418,6
2418,32
2418,27
2418,18
2418,9
2419,22
2419,27
2419,18
2419,9
2420,22
2420,27
2420,18
2420,9
2421,6
2421,32
2421,27
2421,18
2421,9
2422,22
2422,27
2422,18
2422,9
2423,22
2423,27
2423,18
2423,9
2424,22
2424,27
2424,18
2424,9
2425,22
2425,27
2425,18
2425,9
2425,24
2426,22
2426,27
2426,18
2426,9
2426,24
2427,22
2427,18
2428,22
2428,27
2428,18
2428,9
2429,22
2429,27
2429,18
2429,9
2429,24
2430,22
2430,27
2430,18
2430,9
2431,22
2431,27
2431,18
2431,9
2431,24
2432,22
2432,27
2432,18
2432,9
2432,24
2433,22
2433,27
2433,18
2433,9
2434,22
2434,27
2434,18
2434,9
2435,22
2435,27
2435,18
2435,9
2435,24
2436,22
2436,18
2436,9
2437,6
2437,32
2437,27
2437,18
2437,9
2437,21
2438,6
2438,32
2438,27
2438,18
2438,9
2439,6
2439,32
2439,27
2439,18
2439,9
2440,6
2440,32
2440,18
2441,6
2441,32
2441,18
2442,6
2442,32
2443,6
2443,32
2443,18
2444,6
2444,32
2444,27
2444,18
2444,9
2445,22
2445,27
2445,9
2445,18
2446,6
2446,32
2446,27
2446,18
2446,9
2447,6
2447,32
2447,27
2447,18
2447,9
2448,6
2448,32
2448,18
2449,22
2449,27
2449,9
2449,18
2450,6
2450,32
2450,27
2450,18
2450,9
2451,6
2451,32
2451,18
2452,6
2452,32
2452,27
2452,18
2452,9
2453,6
2453,32
2453,27
2453,18
2453,9
2454,6
2454,32
2454,27
2454,18
2454,9
2455,6
2455,32
2455,27
2455,18
2455,9
2456,6
2456,32
2456,27
2456,18
2456,9
2457,6
2457,32
2457,27
2457,18
2457,9
2458,6
2458,32
2458,18
2459,6
2459,32
2459,27
2459,18
2459,9
2460,6
2460,32
2460,27
2460,18
2460,9
2461,6
2461,32
2461,27
2461,18
2461,9
2462,6
2462,32
2462,27
2462,18
2462,9
2463,6
2463,32
2463,18
2463,9
2464,6
2464,32
2464,18
2465,6
2465,32
2465,18
2466,6
2466,32
2466,18
2467,6
2467,32
2467,27
2467,18
2467,9
2468,6
2468,32
2468,27
2468,18
2468,9
2469,6
2469,32
2469,27
2469,18
2469,9
2470,6
2470,32
2470,18
2471,6
2471,32
2471,27
2471,18
2471,9
2472,6
2472,32
2472,27
2472,18
2472,9
2473,6
2473,32
2473,18
2474,6
2474,32
2474,27
2474,18
2474,9
2475,22
2475,18
2476,6
2476,32
2476,18
2477,22
2478,22
2479,6
2479,32
2479,27
2479,18
2479,9
2479,34
2480,6
2480,32
2480,27
2480,18
2480,9
2480,34
2481,6
2481,32
2481,27
2481,18
2481,9
2482,6
2482,32
2482,27
2482,18
2483,6
2483,32
2483,27
2483,18
2483,9
2484,6
2484,32
2484,27
2484,18
2484,9
2485,6
2485,32
2485,27
2485,18
2486,6
2486,32
2486,27
2486,18
2486,9
2487,6
2487,32
2487,27
2487,18
2487,9
2488,6
2488,32
2488,27
2488,18
2488,9
2489,6
2489,32
2489,27
2489,18
2489,9
2490,6
2490,32
2490,27
2490,18
2490,9
2491,6
2491,32
2491,27
2491,18
2491,9
2492,6
2492,32
2492,27
2492,18
2493,6
2493,32
2493,27
2493,18
2493,9
2494,6
2494,32
2494,18
2495,6
2495,32
2495,18
2496,6
2496,32
2496,18
2496,9
2497,6
2497,32
2497,18
2497,27
2498,22
2498,18
2499,6
2499,32
2499,27
2499,18
2499,9
2500,6
2500,32
2500,27
2500,18
2500,9
2501,6
2501,32
2501,27
2501,18
2501,9
2502,22
2502,18
2503,6
2503,32
2504,6
2504,32
2504,27
2504,18
2504,9
2505,22
2505,18
2506,6
2506,32
2506,27
2506,18
2506,9
2507,6
2507,32
2507,18
2508,22
2508,18
2509,6
2509,32
2510,6
2510,32
2510,27
2510,18
2510,9
2511,6
2511,32
2511,27
2511,18
2511,9
2512,6
2512,32
2512,27
2512,18
2512,9
2513,22
2513,18
2514,6
2514,32
2514,18
2515,6
2515,32
2515,18
2516,6
2516,32
2516,18
2516,9
2517,22
2518,6
2518,32
2518,18
2518,9
2519,6
2519,32
2519,27
2519,18
2519,9
2520,11
2520,32
2520,27
2520,18
2520,9
2521,22
2521,18
2522,22
2523,22
2524,6
2524,32
2524,27
2524,18
2524,9
2525,22
2525,18
2526,6
2526,32
2526,27
2526,18
2526,9
2527,6
2527,32
2527,27
2527,18
2527,9
2528,6
2528,32
2528,27
2528,18
2528,9
2529,11
2529,32
2529,27
2529,18
2529,9
2530,6
2530,32
2530,27
2530,18
2530,9
2531,6
2531,32
2531,27
2531,18
2531,9
2532,6
2532,32
2532,27
2532,18
2532,9
2533,6
2533,32
2533,18
2534,6
2534,32
2534,27
2534,18
2534,9
2535,6
2535,32
2535,18
2535,9
2536,6
2536,32
2536,18
2536,9
2537,6
2537,32
2537,27
2537,18
2537,9
2538,6
2538,32
2538,27
2538,18
2538,9
2539,22
2540,6
2540,32
2540,18
2541,6
2541,32
2541,27
2541,18
2541,9
2542,22
2542,18
2542,9
2543,6
2543,32
2543,18
2544,6
2544,32
2544,18
2544,9
2545,6
2545,32
2545,27
2545,18
2545,9
2546,6
2546,32
2546,27
2546,18
2546,9
2547,6
2547,32
2547,27
2547,18
2547,9
2548,6
2548,32
2548,27
2548,18
2548,9
2549,22
2550,22
2551,22
2551,18
2552,22
2553,6
2553,32
2553,27
2553,18
2553,9
2554,6
2554,32
2554,27
2554,18
2554,9
2555,6
2555,32
2555,18
2555,9
2556,6
2556,32
2556,18
2557,6
2557,32
2557,27
2557,18
2557,9
2558,6
2558,32
2558,27
2558,18
2558,9
2559,6
2559,32
2559,18
2559,9
2560,6
2560,32
2560,27
2560,18
2560,9
2561,22
2562,6
2562,32
2562,27
2562,18
2562,9
2563,6
2563,32
2563,27
2563,18
2564,6
2564,32
2564,18
2564,9
2565,6
2565,32
2565,27
2565,18
2565,9
2566,6
2566,32
2566,18
2566,9
2567,6
2567,32
2567,27
2567,18
2567,9
2568,6
2568,32
2568,27
2568,18
2568,9
2569,6
2569,32
2569,18
2569,9
2570,6
2570,32
2570,18
2570,9
2571,6
2571,32
2571,27
2571,18
2571,9
2572,6
2572,32
2572,27
2572,18
2572,9
2573,22
2573,18
2573,9
2574,6
2574,32
2574,27
2574,18
2574,9
2575,6
2575,32
2575,27
2575,18
2575,9
2576,6
2576,32
2576,27
2576,18
2576,9
2577,6
2577,32
2577,27
2577,18
2577,9
2578,6
2578,32
2578,27
2578,18
2578,9
2579,22
2580,22
2580,18
2580,9
2581,6
2581,32
2581,27
2581,18
2581,9
2582,22
2582,18
2583,6
2583,32
2583,18
2583,9
2584,6
2584,32
2584,18
2584,9
2585,6
2585,32
2585,18
2585,9
2586,22
2586,27
2586,18
2586,9
2587,22
2587,18
2588,22
2589,22
2590,22
2590,18
2591,22
2592,22
2592,18
2593,22
2593,18
2594,22
2594,18
2595,22
2595,18
2596,6
2596,32
2596,27
2596,18
2596,9
2597,22
2597,18
2597,9
2598,22
2598,27
2598,18
2598,9
2599,22
2599,18
2599,9
2600,22
2600,27
2600,18
2600,9
2601,22
2601,18
2602,22
2602,18
2603,22
2603,18
2604,22
2605,22
2605,18
2605,9
2606,22
2606,27
2606,18
2606,9
2607,22
2607,27
2607,18
2607,9
2608,22
2608,18
2609,22
2609,18
2609,9
2610,22
2610,18
2610,9
2611,22
2611,27
2611,18
2611,9
2612,22
2612,27
2612,18
2612,9
2613,22
2613,27
2613,18
2613,9
2614,22
2614,27
2614,18
2614,9
2615,22
2615,27
2615,18
2615,9
2616,22
2616,18
2617,22
2617,18
2618,22
2618,18
2619,22
2620,22
2620,27
2620,18
2620,9
2621,22
2621,27
2621,18
2621,9
2622,22
2622,18
2622,9
2623,22
2623,18
2624,22
2624,18
2625,22
2625,27
2625,18
2625,9
2626,22
2626,18
2627,22
2627,27
2627,18
2627,9
2628,22
2628,18
2629,22
2629,27
2629,18
2629,9
2630,22
2630,27
2630,18
2630,9
2631,22
2631,18
2631,9
2632,22
2632,27
2632,18
2632,9
2633,22
2633,27
2633,18
2633,9
2634,22
2634,18
2634,9
2635,22
2635,27
2635,18
2635,9
2636,22
2636,18
2636,9
2637,22
2637,9
2638,22
2638,18
2638,9
2639,6
2639,32
2639,27
2639,18
2639,9
2640,22
2641,22
2641,27
2641,18
2641,9
2642,6
2642,32
2642,27
2642,18
2642,9
2643,6
2643,32
2643,27
2643,18
2643,9
2644,22
2644,18
2644,9
2645,6
2645,32
2645,18
2645,9
2646,22
2646,18
2646,9
2647,6
2647,32
2647,27
2647,18
2647,9
2648,20
2649,22
2649,18
2650,22
2650,18
2650,9
2651,22
2651,27
2651,18
2651,9
